caldt,crsp_fundno,mtna,mret,mnav
2001-06-29,016440,0.100,,
2001-07-31,016440,24.700,R,38.0200000
2001-08-31,016440,20.200,-0.182009,31.1000000
2001-09-28,016440,15.500,-0.232154,23.8800000
2001-10-31,016440,17.100,0.191374,28.4500000
2001-11-30,016440,19.800,0.161687,33.0500000
2001-12-31,016440,45.900,-0.073828,30.6100000
2002-01-31,016440,53.300,-0.032996,29.6000000
2002-02-28,016440,40.900,-0.232770,22.7100000
2002-03-28,016440,44.000,0.086306,24.6700000
2002-04-30,016440,53.900,-0.125659,21.5700000
2002-05-31,016440,49.900,-0.075104,19.9500000
2002-06-28,016440,37.100,-0.256140,14.8400000
2002-07-31,016440,24.200,-0.117925,13.0900000
2002-08-30,016440,17.200,-0.028266,12.7200000
2002-09-30,016440,10.600,-0.242925,9.6300000
2002-10-31,016440,12.800,0.208723,11.6400000
2002-11-29,016440,18.000,0.406357,16.3700000
2002-12-31,016440,15.500,-0.177153,13.4700000
2003-01-31,016440,19.900,0.095768,14.7600000
2003-02-28,016440,22.600,-0.012873,14.5700000
2003-03-31,016440,31.700,-0.010295,14.4200000
2003-04-30,016440,40.400,0.122053,16.1800000
2003-05-30,016440,53.700,0.229913,19.9000000
2003-06-30,016440,48.100,-0.013065,19.6400000
2003-07-31,016440,80.900,0.056517,20.7500000
2003-08-29,016440,71.100,0.105542,22.9400000
2003-09-30,016440,88.500,0.028335,23.5900000
2003-10-31,016440,92.900,0.141585,26.9300000
2003-11-28,016440,110.900,0.029707,27.7300000
2003-12-31,016440,102.000,-0.006131,27.5600000
2004-01-30,016440,188.600,0.255443,34.6000000
2004-02-27,016440,173.300,-0.008092,34.3200000
2004-03-31,016440,149.100,-0.085373,31.3900000
2004-04-30,016440,141.200,-0.134756,27.1600000
2004-05-28,016440,132.100,0.093520,29.7000000
2004-06-30,016440,172.400,0.065320,31.6400000
2004-07-30,016440,147.000,-0.147598,26.9700000
2004-08-31,016440,122.600,-0.043011,25.8100000
2004-09-30,016440,124.600,0.038357,26.8000000
2004-10-29,016440,160.300,0.049254,28.1200000
2004-11-30,016440,180.500,0.070057,30.0900000
2004-12-31,016440,179.000,0.008308,30.3400000
2005-01-31,016440,163.700,-0.108108,27.0600000
2005-02-28,016440,150.200,-0.034738,26.1200000
2005-03-31,016440,139.800,-0.026799,25.4200000
2005-04-29,016440,134.900,-0.035012,24.5300000
2005-05-31,016440,171.700,0.119446,27.4600000
2005-06-30,016440,147.000,-0.008376,27.2300000
2005-07-29,016440,148.000,0.098054,29.9000000
2005-08-31,016440,150.100,0.014381,30.3300000
2005-09-30,016440,189.400,0.031982,31.3000000
2005-10-31,016440,193.300,-0.049840,29.7400000
2005-11-30,016440,226.000,0.062878,31.6100000
2005-12-30,016440,228.100,-0.018032,31.0400000
2006-01-31,016440,258.200,0.109214,34.4300000
2006-02-28,016440,265.400,0.001162,34.4700000
2006-03-31,016440,364.600,0.057731,36.4600000
2006-04-28,016440,394.300,-0.038673,35.0500000
2006-05-31,016440,294.700,-0.105563,31.3500000
2006-06-30,016440,246.800,-0.040191,30.0900000
2006-07-31,016440,157.500,-0.127617,26.2500000
2006-08-31,016440,185.100,0.110476,29.1500000
2006-09-29,016440,217.300,0.057290,30.8200000
2006-10-31,016440,213.200,-0.004867,30.6700000
2006-11-30,016440,257.900,0.057711,32.4400000
2006-12-29,016440,234.700,-0.009248,32.1400000
2007-01-31,016440,185.600,-0.004045,32.0100000
2007-02-28,016440,176.200,0.029053,32.9400000
2007-03-30,016440,160.100,-0.027626,32.0300000
2007-04-30,016440,155.800,0.024040,32.8000000
2007-05-31,016440,152.500,0.056707,34.6600000
2007-06-29,016440,146.200,0.029140,35.6700000
2007-07-31,016440,226.100,-0.009532,35.3300000
2007-08-31,016440,237.500,0.010756,35.7100000
2007-09-28,016440,257.800,0.024102,36.5700000
2007-10-31,016440,260.600,0.040197,38.0400000
2007-11-30,016440,240.600,-0.102787,34.1300000
2007-12-31,016440,166.600,-0.003011,33.9960000
2008-01-31,016440,132.800,-0.122309,29.8380000
2008-02-29,016440,101.700,-0.053623,28.2380000
2008-03-31,016440,92.700,-0.034245,27.2710000
2008-04-30,016440,92.000,0.105731,30.1544000
2008-05-30,016440,111.800,0.074858,32.4117000
2008-06-30,016440,104.000,-0.120490,28.5064000
2008-07-31,016440,93.800,0.012576,28.8649000
2008-08-29,016440,90.000,0.022287,29.5082000
2008-09-30,016440,68.300,-0.215845,23.1390000
2008-10-31,016440,47.700,-0.190816,18.7237000
2008-11-28,016440,40.500,-0.099505,16.8606000
2008-12-31,016440,49.000,0.004699,16.8939000
2009-01-30,016440,39.000,0.004818,16.9753000
2009-02-27,016440,33.400,-0.105241,15.1888000
2009-03-31,016440,35.500,0.114433,16.9269000
2009-04-30,016440,62.000,0.284334,21.7398000
2009-05-29,016440,99.100,0.060019,23.0446000
2009-06-30,016440,138.400,0.027179,23.6528000
2009-07-31,016440,164.200,0.044227,24.6989000
2009-08-31,016440,174.500,-0.004765,24.5812000
2009-09-30,016440,187.100,0.095207,26.9215000
2009-10-30,016440,188.100,-0.062237,25.2460000
2009-11-30,016440,185.700,0.014798,25.6196000
2009-12-31,016440,188.700,0.055018,26.9567000
2010-01-29,016440,178.000,-0.063287,25.2507000
2010-02-26,016440,153.500,0.056890,26.6872000
2010-03-31,016440,218.000,0.074957,28.6876000
2010-04-30,016440,232.200,0.044200,29.9556000
2010-05-28,016440,202.900,-0.090661,27.2398000
2010-06-30,016440,162.300,-0.097185,24.5925000
2010-07-30,016440,183.700,0.114828,27.4164000
2010-08-31,016440,154.400,-0.061350,25.7344000
2010-09-30,016440,186.900,0.153056,29.6732000
2010-10-29,016440,182.200,0.040818,30.8844000
2010-11-30,016440,199.400,0.008826,31.1570000
2010-12-31,016440,217.600,0.075424,33.4800000
2011-01-31,016440,251.700,0.022814,34.2438000
2011-02-28,016440,314.000,0.098015,37.6002000
2011-03-31,016440,313.200,-0.053475,35.5887000
2011-04-29,016440,288.100,0.011776,36.0078000
2011-05-31,016440,272.400,-0.029960,34.9290000
2011-06-30,016440,234.900,-0.078580,32.1839000
2011-07-29,016440,194.700,-0.097170,29.0566000
2011-08-31,016440,155.700,-0.025519,28.3151000
2011-09-30,016440,164.700,-0.111314,25.1492000
2011-10-31,016440,195.100,0.140991,28.6950000
2011-11-30,016440,206.000,-0.010033,28.4071000
2011-12-30,016440,203.800,-0.034904,27.3499000
2012-01-31,016440,209.300,0.077730,29.4758000
2012-02-29,016440,264.500,0.037427,30.5790000
2012-03-30,016440,265.400,0.021001,31.2212000
2012-04-30,016440,270.600,-0.062960,29.2555000
2012-05-31,016440,234.000,-0.135250,25.2987000
2012-06-29,016440,217.000,0.000215,25.2276000
2012-07-31,016440,197.400,-0.028049,24.5200000
2012-08-31,016440,222.000,0.071370,26.2700000
2012-09-28,016440,233.800,0.035777,27.1900000
2012-10-31,016440,216.500,-0.073924,25.1800000
2012-11-30,016440,241.000,0.100477,27.7100000
2012-12-31,016440,253.600,0.038104,28.1800000
2013-01-31,016440,313.900,0.055713,29.7500000
2013-02-28,016440,313.000,-0.012101,29.3900000
2013-03-28,016440,210.400,0.002228,29.4300000
2013-04-30,016440,184.300,-0.043833,28.1400000
2013-05-31,016440,222.100,0.038735,29.2300000
2013-06-28,016440,222.700,-0.015238,28.7400000
2013-07-31,016440,227.800,0.042797,29.9700000
2013-08-30,016440,248.100,-0.026026,29.1900000
2013-09-30,016440,254.300,0.038253,30.2700000
2013-10-31,016440,243.900,-0.011563,29.9200000
2013-11-29,016440,220.700,0.017714,30.4500000
2013-12-31,016440,227.800,0.061637,32.3100000
2014-01-31,016440,237.200,0.034045,33.4100000
2014-02-28,016440,325.700,0.048189,35.0200000
2014-03-31,016440,332.100,-0.016521,34.4100000
2014-04-30,016440,319.700,-0.032258,33.3000000
2014-05-30,016440,309.500,0.026727,34.1900000
2014-06-30,016440,317.700,0.028120,35.1100000
2014-07-31,016440,324.000,-0.028482,34.1100000
2014-08-29,016440,286.400,0.024040,34.9300000
2014-09-30,016440,277.500,-0.018028,34.2500000
2014-10-31,016440,245.700,0.032409,35.3600000
2014-11-28,016440,250.100,0.032523,36.5100000
2014-12-31,016440,237.700,0.018911,37.1400000
2015-01-30,016440,227.400,-0.057889,34.9900000
2015-02-27,016440,149.100,0.106602,38.7200000
2015-03-31,016440,145.200,-0.024847,37.7000000
2015-04-30,016440,147.200,0.014058,38.2300000
2015-05-29,016440,151.700,0.044206,39.9200000
2015-06-30,016440,150.400,-0.045109,38.0600000
2015-07-31,016440,151.800,0.035996,39.4300000
2015-08-31,016440,141.800,-0.066193,36.8200000
2015-09-30,016440,135.000,-0.020184,36.0100000
2015-10-30,016440,152.900,0.061094,38.2100000
2015-11-30,016440,141.300,-0.000523,38.1900000
2015-12-31,016440,143.700,-0.032986,36.8500000
2016-01-29,016440,50.900,-0.108277,32.8600000
2016-02-29,016440,78.900,0.067255,35.0700000
2016-03-31,016440,53.000,0.046567,36.5700000
2016-04-29,016440,55.100,-0.027071,35.5800000
2016-05-31,016440,61.000,0.008713,35.8900000
2016-06-30,016440,49.000,-0.023616,34.9700000
2016-07-29,016440,55.700,0.062339,37.1500000
2016-08-31,016440,60.500,0.051413,39.0600000
2016-09-30,016440,67.600,0.050040,40.9600000
2016-10-31,016440,74.300,-0.018799,40.1900000
2016-11-30,016440,114.200,0.072157,43.0900000
2016-12-30,016440,76.300,0.014152,43.6300000
2017-01-31,016440,70.700,0.013064,44.2000000
2017-02-28,016440,80.700,0.043439,46.1200000
2017-03-31,016440,77.400,-0.011331,45.5400000
2017-04-28,016440,81.000,-0.012077,44.9900000
2017-05-31,016440,76.900,0.005779,45.2500000
2017-06-30,016440,75.500,0.013093,45.7800000
2017-07-31,016440,76.500,0.013106,46.3800000
2017-08-31,016440,61.500,-0.017896,45.5500000
2017-09-29,016440,64.600,0.014780,46.1400000
2017-10-31,016440,62.700,0.006068,46.4200000
2017-11-30,016440,51.300,0.052994,48.8800000
2017-12-29,016440,50.500,-0.013808,48.1300000
2018-01-31,016440,52.900,0.046125,50.3500000
2018-02-28,016440,48.700,0.018669,51.2900000
2018-03-29,016440,64.300,0.005378,51.4800000
2018-04-30,016440,74.900,0.003302,51.6500000
2018-05-31,016440,99.800,-0.009100,51.1800000
2018-06-29,016440,52.300,0.023896,52.2800000
2018-07-31,016440,51.700,-0.011285,51.6900000
2018-08-31,016440,56.400,0.090153,56.3500000
2018-09-28,016440,55.100,-0.020773,55.1200000
2018-10-31,016440,47.800,-0.087990,50.2700000
2018-11-30,016440,53.800,0.018500,51.2000000
2018-12-31,016440,49.800,-0.073522,47.4000000
2019-01-31,016440,51.100,0.077426,51.0700000
2019-02-28,016440,97.100,0.118465,57.1200000
2019-03-29,016440,132.800,-0.010358,56.4900000
2019-04-30,016440,163.000,0.049212,59.2700000
2019-05-31,016440,124.400,-0.143074,50.7900000
2019-06-28,016440,108.700,0.071064,54.3400000
2019-07-31,016440,121.700,0.041590,56.6000000
2019-08-30,016440,87.100,-0.094876,51.2300000
2019-09-30,016440,79.800,0.039667,53.1900000
2019-10-31,016440,85.500,0.004136,53.4100000
2019-11-29,016440,95.600,0.022842,54.6300000
2019-12-31,016440,74.600,0.013052,55.2800000
2020-01-31,016440,61.200,-0.037627,53.2000000
2020-02-28,016440,53.300,-0.088534,48.4900000
2020-03-31,016440,43.300,-0.103853,43.3300000
2020-04-30,016440,47.100,0.144473,49.5900000
2020-05-29,016440,45.600,0.020770,50.6200000
2020-06-30,016440,47.000,-0.021402,49.4700000
2020-07-31,016440,51.100,0.086719,53.7600000
2020-08-31,016440,46.800,-0.031994,52.0400000
2020-09-30,016440,42.000,-0.101775,46.6400000
2020-10-30,016440,47.400,0.016509,47.4100000
2020-11-30,016440,55.000,0.160515,55.0200000
2020-12-31,016440,56.700,0.085826,59.6700000
2021-01-29,016440,61.400,0.082789,64.6100000
2021-02-26,016440,88.400,0.013311,65.4700000
2021-03-31,016440,100.800,0.026818,67.1700000
2021-04-30,016440,93.400,-0.006402,66.7400000
2021-05-28,016440,101.900,0.052592,70.2500000
2021-06-30,016440,109.200,0.036663,72.7700000
2021-07-30,016440,109.400,0.002336,72.9400000
2021-08-31,016440,112.900,-0.001371,72.8400000
2021-09-30,016440,110.400,-0.051872,69.0100000
2021-10-29,016440,114.400,0.036227,71.5100000
2021-11-30,016440,131.200,0.048385,74.9700000
2021-12-31,016440,147.700,0.126269,84.4100000
2022-01-31,016440,136.500,-0.126051,73.7700000
2022-02-28,016440,131.100,-0.012765,72.8283000
2022-03-31,016440,196.300,0.017562,74.0783000
2022-04-29,016440,116.100,-0.129213,64.5064000
2022-05-31,016440,104.600,-0.017493,63.3780000
2022-06-30,016440,94.300,-0.069824,58.9073000
2022-07-29,016440,108.100,0.183908,69.7408000
2022-08-31,016440,116.400,0.011309,70.5295000
2022-09-30,016440,100.100,-0.083590,64.5542000
2022-10-31,016440,112.300,0.160079,74.8880000
2022-11-30,016440,123.800,0.002207,75.0533000
2022-12-30,016440,114.100,-0.078330,69.1231000
2023-01-31,016440,115.900,0.016423,70.2583000
2023-02-28,016440,105.700,-0.029406,68.1923000
2023-03-31,016440,107.200,0.049069,71.4703000
2023-04-28,016440,90.100,-0.099959,64.3262000
2023-05-31,016440,88.100,0.053832,67.7890000
2023-06-30,016440,70.400,0.039957,70.4430000
2023-07-31,016440,64.000,-0.044036,67.3410000
2023-08-31,016440,57.300,0.001400,67.4353000
2023-09-29,016440,52.500,-0.082316,61.8081000
2023-10-31,016440,44.800,-0.093480,56.0303000
2023-11-30,016440,47.300,0.055706,59.1515000
2023-12-29,016440,42.100,0.094680,64.7073000
2024-01-31,016440,43.700,0.039173,67.2421000
2024-02-29,016440,46.000,0.052085,70.7444000
2024-03-28,016440,43.300,0.022407,72.1433000
2024-04-30,016440,40.000,-0.076872,66.5975000
2024-05-31,016440,41.700,0.043839,69.5171000
2024-06-28,016440,42.300,0.018023,70.4194000
2024-07-31,016440,51.900,0.051886,74.0732000
2024-08-30,016440,52.500,0.013130,75.0458000
2024-09-30,016440,55.200,0.057535,78.8575000
2024-10-31,016440,85.700,-0.011727,77.9327000
2024-11-29,016440,102.400,0.051116,81.9163000
2024-12-31,016440,120.800,-0.013480,80.5365000
2025-01-31,016440,129.700,0.006688,81.0751000
2025-02-28,016440,133.400,-0.031891,78.4895000
2025-03-31,016440,125.400,-0.057360,73.7620000
2025-04-30,016440,105.900,0.025502,75.6431000
2025-05-30,016440,110.500,0.043590,78.9404000
2025-06-30,016440,116.200,0.053612,83.0092000
2025-07-31,016440,118.400,0.018715,84.5627000
2025-08-29,016440,116.000,-0.020430,82.8351000
2025-09-30,016440,130.200,0.050013,86.7754000
2025-10-31,016440,140.200,0.042305,90.4464000
2025-11-28,016440,140.300,-0.030690,87.6706000
2025-12-31,016440,136.000,-0.026117,84.9832000
2026-01-30,016440,140.200,0.031413,87.6528000
2026-02-27,016440,160.400,0.109347,97.2374000
2026-03-31,016440,166.200,0.007324,97.7690000
2026-04-30,016440,274.600,0.221141,119.3897000
2026-05-29,016440,450.800,0.078744,128.7909000
2026-06-30,016440,502.800,-0.069632,119.7047000
2005-02-28,024730,0.100,,
2005-03-31,024730,28.900,R,14.4400000
2005-04-29,024730,27.000,-0.109418,12.8600000
2005-05-31,024730,28.300,0.048989,13.4900000
2005-06-30,024730,42.500,0.085990,14.6500000
2005-07-29,024730,57.000,0.081229,15.8400000
2005-08-31,024730,104.900,0.085859,17.2000000
2005-09-30,024730,168.000,0.027907,17.6800000
2005-10-31,024730,168.600,-0.125000,15.4700000
2005-11-30,024730,187.400,0.044602,16.1600000
2005-12-30,024730,187.600,0.000619,16.1700000
2006-01-31,024730,303.200,0.267161,20.4900000
2006-02-28,024730,394.700,-0.001952,20.4500000
2006-03-31,024730,523.300,0.040098,21.2700000
2006-04-28,024730,722.900,0.052186,22.3800000
2006-05-31,024730,736.400,-0.078195,20.6300000
2006-06-30,024730,666.500,-0.081895,18.9300000
2006-07-31,024730,623.900,-0.074485,17.5200000
2006-08-31,024730,663.800,0.035388,18.1400000
2006-09-29,024730,610.500,-0.070562,16.8600000
2006-10-31,024730,657.500,0.059905,17.8700000
2006-11-30,024730,734.200,0.014550,18.1300000
2006-12-29,024730,700.700,-0.041603,17.3400000
2007-01-31,024730,717.000,0.013264,17.5700000
2007-02-28,024730,826.400,0.050085,18.4500000
2007-03-30,024730,869.200,0.021680,18.8500000
2007-04-30,024730,914.300,0.023342,19.2900000
2007-05-31,024730,950.800,0.020736,19.6900000
2007-06-29,024730,996.100,0.049771,20.6700000
2007-07-31,024730,1105.900,0.036768,21.4300000
2007-08-31,024730,1049.900,-0.016332,21.0800000
2007-09-28,024730,1127.900,0.076376,22.6900000
2007-10-31,024730,1365.300,0.116351,25.3300000
2007-11-30,024730,1353.000,-0.052902,23.9900000
2007-12-31,024730,1731.200,0.152980,27.6600000
2008-01-31,024730,1416.900,-0.211858,21.8000000
2008-02-29,024730,1399.900,-0.055505,20.5900000
2008-03-31,024730,1384.500,-0.042254,19.7200000
2008-04-30,024730,1473.900,0.061866,20.9400000
2008-05-30,024730,1644.300,0.074021,22.4900000
2008-06-30,024730,1460.700,-0.122277,19.7400000
2008-07-31,024730,1407.600,-0.032421,19.1000000
2008-08-29,024730,1462.100,0.041361,19.8900000
2008-09-30,024730,1047.300,-0.260432,14.7100000
2008-10-31,024730,705.700,-0.320449,9.9962000
2008-11-28,024730,604.000,-0.148676,8.5100000
2008-12-31,024730,602.600,0.004383,8.5473000
2009-01-30,024730,572.900,-0.078107,7.8797000
2009-02-27,024730,471.400,-0.167943,6.5563600
2009-03-31,024730,540.800,0.173331,7.6927800
2009-04-30,024730,658.500,0.174234,9.0331200
2009-05-29,024730,742.300,0.110358,10.0300000
2009-06-30,024730,763.900,0.000997,10.0400000
2009-07-31,024730,790.000,0.051793,10.5600000
2009-08-31,024730,749.300,-0.062625,9.8986800
2009-09-30,024730,783.100,0.094267,10.8318000
2009-10-30,024730,700.800,-0.105698,9.6869000
2009-11-30,024730,721.300,0.035419,10.0300000
2009-12-31,024730,771.600,0.099701,11.0300000
2010-01-29,024730,668.200,-0.135846,9.5316200
2010-02-26,024730,662.700,-0.012760,9.4100000
2010-03-31,024730,656.500,0.055475,9.9320200
2010-04-30,024730,658.000,0.018927,10.1200000
2010-05-28,024730,555.400,-0.134387,8.7600000
2010-06-30,024730,521.400,-0.054409,8.2833800
2010-07-30,024730,560.100,0.107036,9.1700000
2010-08-31,024730,501.000,-0.066901,8.5565200
2010-09-30,024730,559.500,0.153245,9.8677600
2010-10-29,024730,559.200,0.016441,10.0300000
2010-11-30,024730,517.800,-0.040471,9.6240800
2010-12-31,024730,547.200,0.081662,10.4100000
2011-01-31,024730,536.500,0.003842,10.4500000
2011-02-28,024730,554.600,0.029483,10.7581000
2011-03-31,024730,562.600,-0.001037,10.7469400
2011-04-29,024730,541.500,-0.036935,10.3500000
2011-05-31,024730,479.700,-0.074833,9.5754800
2011-06-30,024730,434.700,-0.058224,9.0179600
2011-07-29,024730,388.900,-0.079495,8.3010800
2011-08-31,024730,328.700,-0.125415,7.2600000
2011-09-30,024730,246.300,-0.238945,5.4498600
2011-10-31,024730,263.400,0.110994,6.0547600
2011-11-30,024730,224.200,-0.084502,5.5431200
2011-12-30,024730,194.500,-0.075408,5.0987400
2012-01-31,024730,210.700,0.128953,5.7562400
2012-02-29,024730,210.900,-0.000459,5.7536000
2012-03-30,024730,197.700,-0.028365,5.5681200
2012-04-30,024730,178.000,-0.087663,5.0800000
2012-05-31,024730,145.800,-0.162020,4.2569400
2012-06-29,024730,150.200,0.069777,4.4379400
2012-07-31,024730,127.600,-0.097189,4.0066200
2012-08-31,024730,131.500,0.035476,4.1487600
2012-09-28,024730,131.200,0.010083,4.1647200
2012-10-31,024730,122.400,-0.058760,3.9200000
2012-11-30,024730,120.000,-0.020173,3.8409200
2012-12-31,024730,123.100,0.064849,4.0900000
2013-01-31,024730,137.600,0.084963,4.4375000
2013-02-28,024730,140.900,-0.007950,4.4022200
2013-03-28,024730,139.500,-0.013098,4.3445600
2013-04-30,024730,142.500,0.102464,4.7897200
2013-05-31,024730,168.800,0.140831,5.4642600
2013-06-28,024730,172.700,-0.002601,5.3900000
2013-07-31,024730,203.700,0.093978,5.8965400
2013-08-30,024730,181.600,-0.065554,5.5100000
2013-09-30,024730,204.900,0.155874,6.3430600
2013-10-31,024730,216.200,0.012130,6.4200000
2013-11-29,024730,221.500,-0.003050,6.4004200
2013-12-31,024730,208.400,0.006022,6.3800000
2014-01-31,024730,212.300,0.032915,6.5900000
2014-02-28,024730,235.400,0.111190,7.3227400
2014-03-31,024730,238.200,-0.032719,7.0700000
2014-04-30,024730,218.100,-0.067893,6.5900000
2014-05-30,024730,194.900,-0.022349,6.4427200
2014-06-30,024730,196.800,0.075577,6.8915400
2014-07-31,024730,178.200,-0.084385,6.3100000
2014-08-29,024730,189.700,0.083994,6.8400000
2014-09-30,024730,174.400,-0.068050,6.3300000
2014-10-31,024730,166.100,-0.044234,6.0500000
2014-11-28,024730,148.600,-0.082645,5.5500000
2014-12-31,024730,138.200,-0.040136,5.2700000
2015-01-30,024730,127.500,-0.068311,4.9100000
2015-02-27,024730,137.200,0.120163,5.5000000
2015-03-31,024730,139.700,0.020150,5.6000000
2015-04-30,024730,143.800,0.029132,5.7631400
2015-05-29,024730,140.500,-0.019167,5.6526800
2015-06-30,024730,134.200,-0.037436,5.4100000
2015-07-31,024730,121.100,-0.086876,4.9400000
2015-08-31,024730,106.200,-0.107287,4.4100000
2015-09-30,024730,98.500,-0.070051,4.0800000
2015-10-30,024730,108.800,0.090422,4.4489200
2015-11-30,024730,104.200,-0.036404,4.2869600
2015-12-31,024730,116.800,0.109403,4.7500000
2016-01-29,024730,98.800,-0.151579,4.0300000
2016-02-29,024730,100.100,0.004963,4.0500000
2016-03-31,024730,99.100,0.003214,4.0303600
2016-04-29,024730,101.300,0.019299,4.1081400
2016-05-31,024730,96.100,-0.050665,3.9000000
2016-06-30,024730,89.900,-0.011372,3.8200000
2016-07-29,024730,92.500,0.028796,3.9300000
2016-08-31,024730,90.300,-0.022901,3.8400000
2016-09-30,024730,90.600,0.011337,3.8600000
2016-10-31,024730,86.500,-0.052098,3.6589000
2016-11-30,024730,86.800,0.003034,3.6700000
2016-12-30,024730,84.800,0.002088,3.6700000
2017-01-31,024730,84.700,0.024523,3.7600000
2017-02-28,024730,89.200,0.053191,3.9600000
2017-03-31,024730,90.000,0.013516,4.0000000
2017-04-28,024730,103.200,0.042500,4.1700000
2017-05-31,024730,98.000,-0.004796,4.1500000
2017-06-30,024730,101.900,0.050750,4.3300000
2017-07-31,024730,99.000,0.046189,4.5300000
2017-08-31,024730,95.600,-0.030905,4.3900000
2017-09-29,024730,103.300,0.070587,4.6836800
2017-10-31,024730,109.900,0.050456,24.6000000
2017-11-30,024730,111.300,0.012524,24.9081000
2017-12-29,024730,114.200,0.015642,25.2700000
2018-01-31,024730,113.800,-0.013910,24.9185000
2018-02-28,024730,109.000,-0.021037,24.3943000
2018-03-29,024730,113.800,0.023431,24.9201000
2018-04-30,024730,116.300,-0.011192,24.6412000
2018-05-31,024730,122.400,0.064461,26.2296000
2018-06-29,024730,116.100,-0.045257,24.8718000
2018-07-31,024730,113.100,0.017554,25.3084000
2018-08-31,024730,114.300,0.021771,25.8594000
2018-09-28,024730,110.700,-0.037645,24.7784000
2018-10-31,024730,104.900,-0.062490,23.2300000
2018-11-30,024730,108.800,0.048317,24.3524000
2018-12-31,024730,93.500,-0.116184,21.4100000
2019-01-31,024730,106.500,0.193695,25.5570000
2019-02-28,024730,121.400,0.100415,28.1233000
2019-03-29,024730,123.600,-0.048223,26.7671000
2019-04-30,024730,144.900,0.057343,28.3020000
2019-05-31,024730,152.400,-0.050145,26.8828000
2019-06-28,024730,171.500,0.111718,29.7256000
2019-07-31,024730,181.500,0.023256,30.4169000
2019-08-30,024730,177.900,-0.036345,29.3114000
2019-09-30,024730,179.800,-0.000536,29.1430000
2019-10-31,024730,180.400,-0.004564,29.0100000
2019-11-29,024730,190.600,0.073702,31.1481000
2019-12-31,024730,217.200,0.100847,34.1122000
2020-01-31,024730,273.900,0.053893,35.9506000
2020-02-28,024730,312.500,0.045062,37.5706000
2020-03-31,024730,205.000,-0.280148,26.9100000
2020-04-30,024730,244.700,0.185760,31.9088000
2020-05-29,024730,291.900,0.093175,34.8819000
2020-06-30,024730,366.500,0.166470,40.6412000
2020-07-31,024730,447.900,0.145724,46.5636000
2020-08-31,024730,645.000,0.218396,56.7329000
2020-09-30,024730,760.800,0.071501,60.7762000
2020-10-30,024730,869.600,0.042966,63.3875000
2020-11-30,024730,1646.800,0.449085,91.8539000
2020-12-31,024730,2174.800,0.127455,103.2757000
2021-01-29,024730,3046.300,0.157727,119.5651000
2021-02-26,024730,2930.800,-0.096438,108.0345000
2021-03-31,024730,2515.900,-0.089326,98.2457000
2021-04-30,024730,2196.500,-0.105631,87.8679000
2021-05-28,024730,1943.200,-0.054839,83.0493000
2021-06-30,024730,2284.200,0.126476,93.2777000
2021-07-30,024730,1924.500,-0.103273,83.6446000
2021-08-31,024730,1866.200,-0.022242,81.7842000
2021-09-30,024730,1786.600,-0.051327,77.3122000
2021-10-29,024730,2003.300,0.150203,88.9247000
2021-11-30,024730,1940.400,-0.041180,85.2628000
2021-12-31,024730,1563.600,-0.156570,71.3400000
2022-01-31,024730,1109.900,-0.208600,56.4585000
2022-02-28,024730,1156.700,0.051845,59.3856000
2022-03-31,024730,1409.300,0.101188,65.1279000
2022-04-29,024730,1070.400,-0.216909,51.0011000
2022-05-31,024730,1067.800,0.046956,53.3959000
2022-06-30,024730,983.200,-0.137961,45.7328000
2022-07-29,024730,1201.900,0.223074,55.9346000
2022-08-31,024730,1200.100,0.028651,57.5372000
2022-09-30,024730,1020.400,-0.156261,48.2024000
2022-10-31,024730,942.700,-0.040799,46.2358000
2022-11-30,024730,973.900,0.022076,47.2565000
2022-12-30,024730,741.200,-0.175876,38.3461000
2023-01-31,024730,888.200,0.200910,46.0502000
2023-02-28,024730,811.000,-0.067064,42.9619000
2023-03-31,024730,768.700,-0.047878,40.4021000
2023-04-28,024730,650.900,-0.122952,35.4346000
2023-05-31,024730,661.800,0.032502,36.5863000
2023-06-30,024730,706.800,0.103959,40.1228000
2023-07-31,024730,754.300,0.086756,43.6037000
2023-08-31,024730,596.400,-0.165841,36.3724000
2023-09-29,024730,506.200,-0.132181,31.3864000
2023-10-31,024730,395.400,-0.205031,24.9512000
2023-11-30,024730,440.900,0.060049,26.4495000
2023-12-29,024730,475.200,0.130684,29.7100000
2024-01-31,024730,370.300,-0.201952,23.7100000
2024-02-29,024730,367.000,0.001265,23.7400000
2024-03-28,024730,364.500,-0.024000,23.0100000
2024-04-30,024730,301.600,-0.116037,20.3400000
2024-05-31,024730,348.600,0.128319,22.9500000
2024-06-28,024730,289.300,-0.114209,20.1900000
2024-07-31,024730,347.000,0.069837,21.6000000
2024-08-30,024730,309.900,-0.102778,19.3800000
2024-09-30,024730,301.200,0.036821,20.0200000
2024-10-31,024730,312.900,0.002997,20.0800000
2024-11-29,024730,325.600,0.076195,21.6100000
2024-12-31,024730,297.300,-0.062623,20.0500000
2025-01-31,024730,275.400,-0.024439,19.5600000
2025-02-28,024730,260.200,-0.101227,17.5800000
2025-03-31,024730,212.700,-0.102958,15.7700000
2025-04-30,024730,220.800,-0.010780,15.6000000
2025-05-30,024730,292.900,0.143590,17.8400000
2025-06-30,024730,270.900,0.120584,19.9500000
2025-07-31,024730,310.100,0.141855,22.7800000
2025-08-29,024730,353.400,0.108428,25.2500000
2025-09-30,024730,476.300,0.145265,28.8400000
2025-10-31,024730,636.700,0.160888,33.4800000
2025-11-28,024730,663.100,-0.055854,31.6100000
2025-12-31,024730,662.000,-0.028933,30.5800000
2026-01-30,024730,710.100,0.104317,33.7700000
2026-02-27,024730,563.900,-0.039088,32.4500000
2026-03-31,024730,452.500,-0.026470,31.5600000
2026-04-30,024730,447.300,0.210710,38.2100000
2026-05-29,024730,610.200,0.185815,45.3100000
2026-06-30,024730,484.900,-0.133156,39.0500000
2005-11-30,024737,0.100,,
2005-12-30,024737,0.100,R,15.1825000
2006-01-31,024737,338.100,0.113782,16.9100000
2006-02-28,024737,543.000,0.036073,17.5200000
2006-03-31,024737,787.100,0.031413,18.0500000
2006-04-28,024737,991.200,0.011080,18.2500000
2006-05-31,024737,999.600,-0.056986,17.2100000
2006-06-30,024737,955.200,-0.029133,16.6700000
2006-07-31,024737,937.900,-0.026395,16.2300000
2006-08-31,024737,1044.800,0.044978,16.9600000
2006-09-29,024737,1089.400,-0.001997,16.8900000
2006-10-31,024737,1189.200,0.055654,17.8300000
2006-11-30,024737,1265.600,0.022995,18.2400000
2006-12-29,024737,1329.400,0.013573,18.4100000
2007-01-31,024737,1385.200,0.019555,18.7700000
2007-02-28,024737,1468.400,-0.011188,18.5600000
2007-03-30,024737,1523.200,0.009383,18.7100000
2007-04-30,024737,1606.800,0.026189,19.2000000
2007-05-31,024737,1719.700,0.061458,20.3800000
2007-06-29,024737,1861.500,0.022118,20.8000000
2007-07-31,024737,1932.900,-0.023077,20.3200000
2007-08-31,024737,1965.700,0.032480,20.9800000
2007-09-28,024737,1992.100,0.024934,21.4900000
2007-10-31,024737,2137.500,0.037227,22.2900000
2007-11-30,024737,2077.200,-0.046209,21.2600000
2007-12-31,024737,2134.400,0.011634,21.4900000
2008-01-31,024737,1961.700,-0.103304,19.2700000
2008-02-29,024737,2043.800,0.016087,19.5800000
2008-03-31,024737,1993.600,-0.014387,19.2800000
2008-04-30,024737,2196.700,0.071577,20.6600000
2008-05-30,024737,2448.200,0.092449,22.5700000
2008-06-30,024737,2303.900,-0.080264,20.7400000
2008-07-31,024737,2378.800,0.041948,21.6100000
2008-08-29,024737,2470.100,0.015271,21.9400000
2008-09-30,024737,1994.200,-0.162261,18.3800000
2008-10-31,024737,1399.700,-0.243770,13.8995000
2008-11-28,024737,1291.300,-0.022986,13.5800000
2008-12-31,024737,1324.900,0.071798,14.5110000
2009-01-30,024737,1145.000,-0.130060,12.6237000
2009-02-27,024737,1001.600,-0.116440,11.1538000
2009-03-31,024737,1059.700,0.081100,12.0562000
2009-04-30,024737,1220.000,0.164496,14.0394000
2009-05-29,024737,1226.500,0.019274,14.3100000
2009-06-30,024737,1251.100,0.029833,14.7000000
2009-07-31,024737,1333.600,0.063265,15.6300000
2009-08-31,024737,1360.300,0.035336,16.1823000
2009-09-30,024737,1411.300,0.032348,16.7016000
2009-10-30,024737,1306.500,-0.059252,15.7120000
2009-11-30,024737,1309.600,0.022149,16.0600000
2009-12-31,024737,1330.000,0.054385,16.8600000
2010-01-29,024737,1233.700,-0.060071,15.8472000
2010-02-26,024737,1245.500,0.035514,16.4100000
2010-03-31,024737,1290.200,0.061060,17.4120000
2010-04-30,024737,1335.000,0.036641,18.0500000
2010-05-28,024737,1150.900,-0.098615,16.2700000
2010-06-30,024737,1041.800,-0.071246,15.0875000
2010-07-30,024737,1094.300,0.069097,16.1300000
2010-08-31,024737,970.800,-0.088066,14.7095000
2010-09-30,024737,1069.800,0.125878,16.5611000
2010-10-29,024737,1119.200,0.048843,17.3700000
2010-11-30,024737,1108.900,0.019833,17.7145000
2010-12-31,024737,1162.500,0.076235,18.9900000
2011-01-31,024737,1203.200,0.010532,19.1900000
2011-02-28,024737,1242.300,0.026727,19.7029000
2011-03-31,024737,1275.300,0.032335,20.3400000
2011-04-29,024737,1260.600,-0.004425,20.2500000
2011-05-31,024737,1219.200,-0.016242,19.9211000
2011-06-30,024737,1161.000,-0.023977,19.3654000
2011-07-29,024737,1112.200,-0.045173,18.4906000
2011-08-31,024737,977.500,-0.067094,17.2500000
2011-09-30,024737,822.500,-0.126678,15.0501000
2011-10-31,024737,879.100,0.138624,17.1364000
2011-11-30,024737,852.100,0.006617,17.2498000
2011-12-30,024737,808.800,-0.020050,16.8852000
2012-01-31,024737,850.700,0.083511,18.2953000
2012-02-29,024737,895.100,0.033238,18.9034000
2012-03-30,024737,895.100,0.018321,19.2285000
2012-04-30,024737,877.200,-0.023325,18.7800000
2012-05-31,024737,754.300,-0.063743,17.5829000
2012-06-29,024737,766.200,0.038472,18.1556000
2012-07-31,024737,769.800,0.017956,18.4816000
2012-08-31,024737,759.800,0.016303,18.7829000
2012-09-28,024737,805.600,0.039436,19.5055000
2012-10-31,024737,789.700,0.003307,19.5700000
2012-11-30,024737,812.800,0.036985,20.2938000
2012-12-31,024737,823.700,0.024541,20.7500000
2013-01-31,024737,874.200,0.062578,22.0485000
2013-02-28,024737,895.900,0.018360,22.4533000
2013-03-28,024737,921.600,0.022304,22.9541000
2013-04-30,024737,877.100,-0.038756,22.0645000
2013-05-31,024737,909.700,0.037223,22.8858000
2013-06-28,024737,867.900,-0.032464,22.0600000
2013-07-31,024737,901.800,0.044157,23.0341000
2013-08-30,024737,864.500,-0.035248,22.2222000
2013-09-30,024737,926.300,0.078190,23.9359000
2013-10-31,024737,959.000,0.036665,24.8135000
2013-11-29,024737,977.800,0.020876,25.3315000
2013-12-31,024737,1004.900,0.035314,26.2020000
2014-01-31,024737,959.900,-0.029620,25.4259000
2014-02-28,024737,1011.500,0.053839,26.7948000
2014-03-31,024737,1007.000,-0.004284,26.6800000
2014-04-30,024737,990.200,-0.028385,25.9227000
2014-05-30,024737,985.900,0.004741,26.0456000
2014-06-30,024737,1002.500,0.024198,26.5909000
2014-07-31,024737,929.700,-0.067621,24.7928000
2014-08-29,024737,976.100,0.052656,26.0983000
2014-09-30,024737,918.500,-0.056724,24.5900000
2014-10-31,024737,960.000,0.052314,25.8764000
2014-11-28,024737,948.900,-0.002145,25.8209000
2014-12-31,024737,931.100,-0.000986,25.7561000
2015-01-30,024737,863.000,-0.050710,24.4500000
2015-02-27,024737,896.800,0.038855,25.4000000
2015-03-31,024737,865.500,-0.017969,24.9436000
2015-04-30,024737,855.200,0.009830,25.1888000
2015-05-29,024737,864.500,0.022947,25.7668000
2015-06-30,024737,837.600,-0.028199,24.9664000
2015-07-31,024737,794.400,-0.045862,23.8214000
2015-08-31,024737,710.400,-0.076880,21.9900000
2015-09-30,024737,655.700,-0.063894,20.5600000
2015-10-30,024737,708.500,0.109776,22.8170000
2015-11-30,024737,677.900,-0.029066,22.1538000
2015-12-31,024737,668.600,-0.018113,21.6900000
2016-01-29,024737,612.000,-0.061319,20.3600000
2016-02-29,024737,607.200,0.007367,20.5100000
2016-03-31,024737,641.700,0.071424,21.9749000
2016-04-29,024737,680.500,0.046116,22.9883000
2016-05-31,024737,679.300,0.010323,23.2256000
2016-06-30,024737,694.400,0.019297,23.6594000
2016-07-29,024737,711.500,0.033412,24.4499000
2016-08-31,024737,709.300,-0.002859,24.3800000
2016-09-30,024737,718.400,0.010214,24.6021000
2016-10-31,024737,697.100,-0.039513,23.6300000
2016-11-30,024737,734.100,0.049475,24.7991000
2016-12-30,024737,738.600,-0.005793,24.5802000
2017-01-31,024737,767.400,0.030337,25.3259000
2017-02-28,024737,783.500,0.026222,25.9900000
2017-03-31,024737,780.200,0.002328,26.0505000
2017-04-28,024737,797.100,0.025316,26.7100000
2017-05-31,024737,802.000,0.007488,26.9100000
2017-06-30,024737,803.200,0.003673,26.9519000
2017-07-31,024737,808.700,0.010296,27.2294000
2017-08-31,024737,804.200,-0.003856,27.1244000
2017-09-29,024737,843.300,0.051115,28.4898000
2017-10-31,024737,869.000,0.027034,29.2600000
2017-11-30,024737,848.900,0.041716,30.4806000
2017-12-29,024737,839.700,-0.006444,30.2600000
2018-01-31,024737,858.300,0.031484,31.2127000
2018-02-28,024737,821.600,-0.037616,30.0386000
2018-03-29,024737,829.800,0.013759,30.4519000
2018-04-30,024737,821.500,-0.011779,30.0932000
2018-05-31,024737,831.200,0.011757,30.4470000
2018-06-29,024737,831.800,-0.004797,30.2455000
2018-07-31,024737,865.100,0.047713,31.6886000
2018-08-31,024737,866.900,0.000215,31.6954000
2018-09-28,024737,867.400,0.003196,31.7742000
2018-10-31,024737,786.100,-0.088883,28.9500000
2018-11-30,024737,813.500,0.056335,30.5809000
2018-12-31,024737,744.200,-0.074805,28.2400000
2019-01-31,024737,815.700,0.106717,31.2537000
2019-02-28,024737,878.400,0.070699,33.4633000
2019-03-29,024737,958.000,0.015202,33.9720000
2019-04-30,024737,941.300,0.020523,34.6692000
2019-05-31,024737,895.700,-0.044910,33.1122000
2019-06-28,024737,972.400,0.078498,35.6205000
2019-07-31,024737,983.100,0.009146,35.9463000
2019-08-30,024737,1004.300,0.006832,36.1919000
2019-09-30,024737,1016.600,0.013096,36.6329000
2019-10-31,024737,1022.700,0.004288,36.7900000
2019-11-29,024737,1040.300,0.020810,37.5556000
2019-12-31,024737,1116.800,0.030214,38.6450000
2020-01-31,024737,1152.400,0.012568,39.1307000
2020-02-28,024737,1063.600,-0.087867,35.6924000
2020-03-31,024737,904.100,-0.119351,31.3900000
2020-04-30,024737,991.800,0.097165,34.4400000
2020-05-29,024737,1044.700,0.066202,36.7200000
2020-06-30,024737,1015.500,-0.008898,36.3317000
2020-07-31,024737,1080.900,0.072152,38.9531000
2020-08-31,024737,1098.300,0.016094,39.5800000
2020-09-30,024737,1097.400,0.003727,39.6900000
2020-10-30,024737,1133.400,0.027213,40.7701000
2020-11-30,024737,1245.200,0.096237,44.6937000
2020-12-31,024737,1314.100,0.040347,46.4506000
2021-01-29,024737,1338.200,-0.006256,46.1600000
2021-02-26,024737,1411.000,0.042894,48.1400000
2021-03-31,024737,1465.800,0.025739,49.3500000
2021-04-30,024737,1599.700,0.057143,52.1700000
2021-05-28,024737,1661.400,0.017131,53.0637000
2021-06-30,024737,1670.700,0.009268,53.5129000
2021-07-30,024737,1838.300,0.060281,56.7387000
2021-08-31,024737,2043.900,0.036037,58.7834000
2021-09-30,024737,1918.000,-0.069056,54.7054000
2021-10-29,024737,2025.300,0.059000,57.9330000
2021-11-30,024737,1996.300,-0.009815,57.3644000
2021-12-31,024737,2135.000,0.060998,60.8300000
2022-01-31,024737,1880.800,-0.129045,52.9802000
2022-02-28,024737,1795.500,-0.030325,51.3736000
2022-03-31,024737,1812.900,0.031984,52.9774000
2022-04-29,024737,1658.100,-0.079217,48.7807000
2022-05-31,024737,1645.200,0.005580,49.0529000
2022-06-30,024737,1548.400,-0.056643,46.2334000
2022-07-29,024737,1735.400,0.128890,52.1924000
2022-08-31,024737,1675.400,-0.047748,49.7003000
2022-09-30,024737,1524.700,-0.079948,45.6906000
2022-10-31,024737,1681.300,0.103039,50.3985000
2022-11-30,024737,1770.100,0.058188,53.3311000
2022-12-30,024737,1707.300,-0.031461,51.5189000
2023-01-31,024737,1796.100,0.055805,54.3939000
2023-02-28,024737,1774.200,-0.025757,52.9929000
2023-03-31,024737,1778.500,0.008170,53.3432000
2023-04-28,024737,1742.200,-0.013887,52.6024000
2023-05-31,024737,1712.500,-0.011064,52.0204000
2023-06-30,024737,1862.400,0.086153,56.3836000
2023-07-31,024737,1923.500,0.026627,57.8849000
2023-08-31,024737,1902.100,-0.012905,57.1379000
2023-09-29,024737,1761.800,-0.068144,53.1951000
2023-10-31,024737,1665.500,-0.044889,50.8072000
2023-11-30,024737,1831.400,0.114606,56.6300000
2023-12-29,024737,1954.700,0.076948,60.8700000
2024-01-31,024737,1899.400,-0.026614,59.2500000
2024-02-29,024737,2035.800,0.078819,63.9200000
2024-03-28,024737,2124.400,0.042479,66.5700000
2024-04-30,024737,2060.100,-0.035301,64.2200000
2024-05-31,024737,2152.100,0.030209,66.1600000
2024-06-28,024737,2099.700,-0.017822,64.8900000
2024-07-31,024737,2249.900,0.072122,69.5700000
2024-08-30,024737,2272.500,0.004743,69.9000000
2024-09-30,024737,2290.400,0.010457,70.5800000
2024-10-31,024737,2223.500,-0.032729,68.2700000
2024-11-29,024737,2331.900,0.051267,71.7700000
2024-12-31,024737,2130.800,-0.081768,65.8100000
2025-01-31,024737,2205.900,0.039052,68.3800000
2025-02-28,024737,2187.100,-0.016233,67.2700000
2025-03-31,024737,2062.600,-0.038844,64.5600000
2025-04-30,024737,2057.900,0.013166,65.4100000
2025-05-30,024737,2123.600,0.041278,68.1100000
2025-06-30,024737,2177.800,0.028444,69.9400000
2025-07-31,024737,2191.600,0.007292,70.4500000
2025-08-29,024737,2267.900,0.034776,72.9000000
2025-09-30,024737,2243.300,-0.009555,72.1100000
2025-10-31,024737,2137.000,-0.009430,71.4300000
2025-11-28,024737,2152.500,0.013580,72.4000000
2025-12-31,024737,2090.000,-0.026911,70.3700000
2026-01-30,024737,2144.400,0.029842,72.4700000
2026-02-27,024737,2157.900,0.008693,73.1000000
2026-03-31,024737,1985.000,-0.083655,66.8800000
2026-04-30,024737,2085.800,0.027512,68.7200000
2026-05-29,024737,1977.600,-0.040745,65.9200000
2026-06-30,024737,1988.300,0.050318,69.1100000
2007-11-30,036593,0.100,,
2007-12-31,036593,4.900,R,48.9380000
2008-01-31,036593,18.000,-0.079570,45.0440000
2008-02-29,036593,36.600,0.015363,45.7360000
2008-03-31,036593,49.300,-0.020225,44.8110000
2008-04-30,036593,74.500,0.039466,46.5795000
2008-05-30,036593,104.800,0.022984,47.6501000
2008-06-30,036593,114.700,-0.066387,44.1160000
2008-07-31,036593,144.200,-0.038594,42.4134000
2008-08-29,036593,154.900,-0.039146,40.7531000
2008-09-30,036593,147.100,-0.119814,35.8703000
2008-10-31,036593,125.600,-0.185530,29.2153000
2008-11-28,036593,140.800,-0.054995,27.6086000
2008-12-31,036593,162.100,0.068992,28.9415000
2009-01-30,036593,170.900,-0.091758,26.2859000
2009-02-27,036593,186.100,-0.125714,22.9814000
2009-03-31,036593,201.800,0.058169,24.3182000
2009-04-30,036593,222.600,0.076885,26.1879000
2009-05-29,036593,267.300,0.121755,29.3764000
2009-06-30,036593,286.200,0.003211,28.9087000
2009-07-31,036593,340.200,0.069865,30.9284000
2009-08-31,036593,381.600,0.028078,31.7968000
2009-09-30,036593,406.500,0.047914,33.3203000
2009-10-30,036593,407.500,-0.021683,32.5978000
2009-11-30,036593,430.500,0.048111,34.1661000
2009-12-31,036593,436.600,0.032244,34.6547000
2010-01-29,036593,443.400,-0.045183,33.0889000
2010-02-26,036593,433.800,-0.006912,32.8602000
2010-03-31,036593,475.000,0.039912,34.1717000
2010-04-30,036593,475.200,-0.006678,33.9435000
2010-05-28,036593,417.800,-0.108106,30.2740000
2010-06-30,036593,401.400,-0.008366,29.5147000
2010-07-30,036593,442.500,0.094367,32.2999000
2010-08-31,036593,437.700,-0.010774,31.9519000
2010-09-30,036593,457.600,0.068656,34.1456000
2010-10-29,036593,478.800,0.046501,35.7334000
2010-11-30,036593,457.300,-0.052091,33.8720000
2010-12-31,036593,468.900,0.055781,34.9900000
2011-01-31,036593,492.300,0.034610,36.2010000
2011-02-28,036593,517.700,0.028745,37.2416000
2011-03-31,036593,518.100,-0.013361,36.7440000
2011-04-29,036593,556.800,0.052354,38.6677000
2011-05-31,036593,552.600,-0.014371,38.1120000
2011-06-30,036593,546.100,-0.008705,37.1522000
2011-07-29,036593,535.400,-0.026354,36.1731000
2011-08-31,036593,491.600,-0.056313,34.1361000
2011-09-30,036593,458.200,-0.054748,32.2672000
2011-10-31,036593,440.800,0.075609,34.7069000
2011-11-30,036593,428.000,-0.021183,33.9717000
2011-12-30,036593,415.100,0.003112,33.2100000
2012-01-31,036593,426.400,0.027272,34.1157000
2012-02-29,036593,439.200,0.038232,35.4200000
2012-03-30,036593,435.900,0.000615,35.4418000
2012-04-30,036593,432.600,0.000516,35.4601000
2012-05-31,036593,406.100,-0.076427,32.7500000
2012-06-29,036593,433.000,0.054245,33.8310000
2012-07-31,036593,436.400,0.015637,34.3600000
2012-08-31,036593,351.200,0.002037,34.4300000
2012-09-28,036593,353.400,0.026430,35.3400000
2012-10-31,036593,358.800,0.015280,35.8800000
2012-11-30,036593,371.400,-0.013935,35.3800000
2012-12-31,036593,357.100,0.021703,35.3600000
2013-01-31,036593,393.300,0.029977,36.4200000
2013-02-28,036593,406.900,-0.002471,36.3300000
2013-03-28,036593,412.400,0.022571,37.1500000
2013-04-30,036593,450.400,0.045222,38.8300000
2013-05-31,036593,456.200,-0.052537,36.7900000
2013-06-28,036593,453.200,-0.021594,35.1300000
2013-07-31,036593,504.800,0.041275,36.5800000
2013-08-30,036593,539.300,-0.030071,35.4800000
2013-09-30,036593,584.500,0.062852,37.7100000
2013-10-31,036593,614.400,0.037921,39.1400000
2013-11-29,036593,648.300,-0.008176,38.8200000
2013-12-31,036593,671.500,0.013397,38.8200000
2014-01-31,036593,658.000,-0.008758,38.4800000
2014-02-28,036593,753.600,0.047297,40.3000000
2014-03-31,036593,775.600,0.029032,41.4700000
2014-04-30,036593,865.100,0.017603,42.2000000
2014-05-30,036593,916.600,0.024408,43.2300000
2014-06-30,036593,976.900,0.036955,44.2000000
2014-07-31,036593,982.400,-0.020814,43.2800000
2014-08-29,036593,1017.100,0.021719,44.2200000
2014-09-30,036593,977.000,-0.039349,42.4800000
2014-10-31,036593,980.100,0.016478,43.1800000
2014-11-28,036593,1006.500,0.000463,43.2000000
2014-12-31,036593,1145.700,-0.006347,42.2800000
2015-01-30,036593,1163.200,0.000473,42.3000000
2015-02-27,036593,1183.500,-0.000709,42.2700000
2015-03-31,036593,1227.200,-0.009226,41.8800000
2015-04-30,036593,1236.900,0.043696,43.7100000
2015-05-29,036593,1256.100,-0.015786,43.0200000
2015-06-30,036593,1203.400,-0.046171,40.5200000
2015-07-31,036593,1207.900,0.010612,40.9500000
2015-08-31,036593,1132.800,-0.055922,38.6600000
2015-09-30,036593,1112.800,-0.027677,37.5900000
2015-10-30,036593,1120.200,0.049215,39.4400000
2015-11-30,036593,1057.100,-0.042850,37.7500000
2015-12-31,036593,1021.500,-0.026420,36.1000000
2016-01-29,036593,988.300,-0.008033,35.8100000
2016-02-29,036593,907.500,0.009495,36.1500000
2016-03-31,036593,948.200,0.083817,39.1800000
2016-04-29,036593,909.400,0.022460,40.0600000
2016-05-31,036593,916.400,-0.005492,39.8400000
2016-06-30,036593,920.400,0.029253,40.3700000
2016-07-29,036593,982.900,0.027248,41.4700000
2016-08-31,036593,1026.200,-0.018085,40.7200000
2016-09-30,036593,1077.200,0.017436,41.4300000
2016-10-31,036593,1158.800,-0.028723,40.2400000
2016-11-30,036593,1192.300,-0.041004,38.5900000
2016-12-30,036593,1447.000,0.027341,39.1100000
2017-01-31,036593,1367.000,0.013040,39.6200000
2017-02-28,036593,1412.100,0.030035,40.8100000
2017-03-31,036593,1560.700,0.033570,42.1800000
2017-04-28,036593,1629.200,0.016358,42.8700000
2017-05-31,036593,1633.400,0.041054,44.6300000
2017-06-30,036593,1673.900,-0.001755,43.8200000
2017-07-31,036593,1733.400,0.032862,45.2600000
2017-08-31,036593,1742.700,0.015908,45.9800000
2017-09-29,036593,1706.600,-0.018051,45.1500000
2017-10-31,036593,1762.700,0.008859,45.5500000
2017-11-30,036593,1945.500,0.016905,46.3200000
2017-12-29,036593,2308.700,-0.009613,45.2700000
2018-01-31,036593,2527.700,0.011487,45.7900000
2018-02-28,036593,2469.100,-0.067045,42.7200000
2018-03-29,036593,2503.800,0.000234,42.7300000
2018-04-30,036593,2572.800,0.024105,43.7600000
2018-05-31,036593,2622.700,-0.019196,42.9200000
2018-06-29,036593,2660.500,0.017915,42.9800000
2018-07-31,036593,2720.300,0.017683,43.7400000
2018-08-31,036593,2692.900,-0.024234,42.6800000
2018-09-28,036593,2653.500,-0.010075,42.2500000
2018-10-31,036593,2559.800,-0.039763,40.5700000
2018-11-30,036593,2636.000,0.018487,41.3200000
2018-12-31,036593,2441.100,-0.032092,39.3100000
2019-01-31,036593,2665.900,0.086746,42.7200000
2019-02-28,036593,2737.700,0.023642,43.7300000
2019-03-29,036593,2826.000,0.024240,44.7900000
2019-04-30,036593,2844.900,0.011386,45.3000000
2019-05-31,036593,2848.700,-0.014349,44.6500000
2019-06-28,036593,3166.000,0.053128,46.2200000
2019-07-31,036593,3161.400,-0.020121,45.2900000
2019-08-30,036593,3160.300,0.003974,45.4700000
2019-09-30,036593,3241.300,0.021333,46.4400000
2019-10-31,036593,3307.800,0.014643,47.1200000
2019-11-29,036593,3382.900,-0.008277,46.7300000
2019-12-31,036593,3482.200,0.041934,47.9000000
2020-01-31,036593,3598.700,0.015240,48.6300000
2020-02-28,036593,3348.400,-0.095209,44.0000000
2020-03-31,036593,2741.600,-0.229773,33.8900000
2020-04-30,036593,3013.500,0.092358,37.0200000
2020-05-29,036593,3125.600,0.054025,39.0200000
2020-06-30,036593,3051.500,-0.012565,38.1000000
2020-07-31,036593,3141.700,0.029396,39.2200000
2020-08-31,036593,3173.200,0.016318,39.8600000
2020-09-30,036593,3087.700,-0.030607,38.6400000
2020-10-30,036593,2781.500,-0.011128,38.2100000
2020-11-30,036593,3114.200,0.128762,43.1300000
2020-12-31,036593,3140.500,0.029250,43.8000000
2021-01-29,036593,2965.900,-0.021461,42.8600000
2021-02-26,036593,2936.500,0.007466,43.1800000
2021-03-31,036593,3064.100,0.043539,45.0600000
2021-04-30,036593,3171.200,0.035064,46.6400000
2021-05-28,036593,3095.100,0.005575,46.9000000
2021-06-30,036593,3031.000,-0.018745,45.3700000
2021-07-30,036593,3056.000,0.009918,45.8200000
2021-08-31,036593,3086.000,0.017460,46.6200000
2021-09-30,036593,3022.500,-0.016088,45.8700000
2021-10-29,036593,3148.900,0.040113,47.7100000
2021-11-30,036593,3025.000,-0.053658,45.1500000
2021-12-31,036593,3241.200,0.063607,47.5300000
2022-01-31,036593,3295.500,-0.006733,47.2100000
2022-02-28,036593,3346.400,0.019900,48.1495000
2022-03-31,036593,3434.200,0.055085,50.8018000
2022-04-29,036593,3328.900,-0.034952,49.0262000
2022-05-31,036593,3525.800,0.042273,51.0987000
2022-06-30,036593,3402.500,-0.076050,46.5457000
2022-07-29,036593,3536.700,0.039430,48.3810000
2022-08-31,036593,3465.000,-0.020272,47.4002000
2022-09-30,036593,3167.600,-0.119529,41.7345000
2022-10-31,036593,3459.500,0.053284,43.9583000
2022-11-30,036593,3882.700,0.089100,47.8750000
2022-12-30,036593,3948.700,-0.030483,45.9152000
2023-01-31,036593,3976.700,0.052366,48.3196000
2023-02-28,036593,3775.600,-0.037709,46.4975000
2023-03-31,036593,3843.900,0.025664,47.6908000
2023-04-28,036593,3943.400,0.025902,48.9261000
2023-05-31,036593,3726.700,-0.054954,46.2374000
2023-06-30,036593,3800.800,0.028311,46.8660000
2023-07-31,036593,3908.100,0.018177,47.7179000
2023-08-31,036593,3662.800,-0.046458,45.5010000
2023-09-29,036593,3413.300,-0.048019,43.3161000
2023-10-31,036593,3270.800,-0.026939,42.1492000
2023-11-30,036593,3617.900,0.093439,46.0876000
2023-12-29,036593,3689.500,0.042448,47.1206000
2024-01-31,036593,3519.700,-0.036188,45.4154000
2024-02-29,036593,3504.600,0.004787,45.6328000
2024-03-28,036593,3574.200,0.045743,47.7202000
2024-04-30,036593,3543.900,-0.008483,47.3154000
2024-05-31,036593,3789.500,0.066454,50.4597000
2024-06-28,036593,3554.500,-0.031732,48.0332000
2024-07-31,036593,3697.700,0.044546,50.1729000
2024-08-30,036593,3863.600,0.044857,52.4235000
2024-09-30,036593,4201.700,0.036856,54.3556000
2024-10-31,036593,4328.100,-0.010865,53.7650000
2024-11-29,036593,4986.700,0.033992,55.5926000
2024-12-31,036593,4914.700,-0.047245,52.1182000
2025-01-31,036593,5204.300,0.021020,53.2137000
2025-02-28,036593,5791.600,0.003095,53.3784000
2025-03-31,036593,6069.000,0.022459,54.5772000
2025-04-30,036593,6410.300,0.034839,56.4786000
2025-05-30,036593,7039.400,0.043875,58.9566000
2025-06-30,036593,7464.100,0.020097,59.1449000
2025-07-31,036593,7649.200,-0.002088,59.0214000
2025-08-29,036593,8040.400,0.021201,60.2727000
2025-09-30,036593,8342.100,0.014711,61.1594000
2025-10-31,036593,8503.300,-0.003337,60.9553000
2025-11-28,036593,8964.000,0.033443,62.9938000
2025-12-31,036593,8928.700,-0.008528,61.4500000
2026-01-30,036593,9440.500,0.048662,64.4403000
2026-02-27,036593,10271.700,0.076291,69.3565000
2026-03-31,036593,10102.000,-0.036681,66.8124000
2026-04-30,036593,10654.500,0.024204,68.4295000
2026-05-29,036593,10599.000,-0.026461,66.6188000
2026-06-30,036593,10779.300,0.012164,66.4980000
2008-06-30,037654,5.000,R,50.0500000
2008-07-31,037654,9.800,-0.024573,48.8201000
2008-08-29,037654,10.000,0.022847,49.9355000
2008-09-30,037654,10.800,-0.278189,36.0440000
2008-10-31,037654,8.700,-0.395597,21.7851000
2008-11-28,037654,34.100,-0.130185,18.9490000
2008-12-31,037654,39.200,0.093061,20.6452000
2009-01-30,037654,41.200,-0.092283,18.7400000
2009-02-27,037654,34.600,-0.197641,15.0362000
2009-03-31,037654,45.000,0.150251,17.2954000
2009-04-30,037654,56.100,0.201082,20.7732000
2009-05-29,037654,71.200,0.141856,23.7200000
2009-06-30,037654,72.500,-0.039256,22.6611000
2009-07-31,037654,85.600,0.021133,23.1400000
2009-08-31,037654,80.200,-0.088591,21.0900000
2009-09-30,037654,90.400,0.099573,23.1900000
2009-10-30,037654,80.500,-0.110392,20.6300000
2009-11-30,037654,78.900,0.033446,21.3200000
2009-12-31,037654,82.000,0.047446,22.1600000
2010-01-29,037654,74.100,-0.119585,19.5100000
2010-02-26,037654,68.300,-0.078421,17.9800000
2010-03-31,037654,68.300,0.055617,18.9800000
2010-04-30,037654,65.300,-0.016860,18.6600000
2010-05-28,037654,50.300,-0.183221,15.2411000
2010-06-30,037654,48.500,-0.026354,14.7000000
2010-07-30,037654,53.700,0.106122,16.2600000
2010-08-31,037654,51.600,-0.038862,15.6281000
2010-09-30,037654,57.200,0.108260,17.3200000
2010-10-29,037654,54.500,-0.017396,17.0187000
2010-11-30,037654,47.600,-0.126120,14.8723000
2010-12-31,037654,50.600,0.073700,15.8200000
2011-01-31,037654,52.700,0.041719,16.4800000
2011-02-28,037654,58.200,0.038228,17.1100000
2011-03-31,037654,74.900,0.094681,18.7300000
2011-04-29,037654,78.900,-0.020288,18.3500000
2011-05-31,037654,72.700,-0.079068,16.8991000
2011-06-30,037654,71.300,-0.030822,16.2000000
2011-07-29,037654,63.200,-0.092315,14.7045000
2011-08-31,037654,55.900,-0.095515,13.3000000
2011-09-30,037654,38.400,-0.295489,9.3700000
2011-10-31,037654,39.700,0.058698,9.9200000
2011-11-30,037654,36.200,-0.065524,9.2700000
2011-12-30,037654,32.000,-0.041151,8.6500000
2012-01-31,037654,34.600,0.080925,9.3500000
2012-02-29,037654,35.400,0.022460,9.5600000
2012-03-30,037654,34.600,-0.048117,9.1000000
2012-04-30,037654,33.200,-0.064835,8.5100000
2012-05-31,037654,27.600,-0.168038,7.0800000
2012-06-29,037654,27.400,0.040931,7.2200000
2012-07-31,037654,24.200,-0.119114,6.3600000
2012-08-31,037654,24.800,0.053459,6.7000000
2012-09-28,037654,25.400,0.022388,6.8500000
2012-10-31,037654,24.200,-0.046715,6.5300000
2012-11-30,037654,24.700,0.021440,6.6700000
2012-12-31,037654,26.400,0.088934,7.1400000
2013-01-31,037654,27.800,0.025210,7.3200000
2013-02-28,037654,27.700,-0.002732,7.3000000
2013-03-28,037654,28.000,0.010959,7.3800000
2013-04-30,037654,32.100,0.144986,8.4500000
2013-05-31,037654,36.000,0.065089,9.0000000
2013-06-28,037654,34.800,-0.023200,8.6900000
2013-07-31,037654,37.200,0.070196,9.3000000
2013-08-30,037654,37.500,-0.039785,8.9300000
2013-09-30,037654,42.800,0.141097,10.1900000
2013-10-31,037654,46.300,0.033366,10.5300000
2013-11-29,037654,47.400,0.000950,10.5400000
2013-12-31,037654,46.700,-0.002180,10.3900000
2014-01-31,037654,48.000,0.004812,10.4400000
2014-02-28,037654,51.800,0.078544,11.2600000
2014-03-31,037654,55.800,-0.008881,11.1600000
2014-04-30,037654,55.400,-0.045699,10.6500000
2014-05-30,037654,57.800,0.043192,11.1100000
2014-06-30,037654,66.100,0.071115,11.8000000
2014-07-31,037654,64.000,-0.048305,11.2300000
2014-08-29,037654,71.800,0.048085,11.7700000
2014-09-30,037654,66.000,-0.080714,10.8200000
2014-10-31,037654,64.700,-0.035120,10.4400000
2014-11-28,037654,60.700,-0.015326,10.2800000
2014-12-31,037654,59.300,-0.037181,9.7200000
2015-01-30,037654,64.800,0.025720,9.9700000
2015-02-27,037654,69.900,0.095286,10.9200000
2015-03-31,037654,80.600,0.086081,11.8600000
2015-04-30,037654,86.400,0.055649,12.5200000
2015-05-29,037654,95.800,-0.043930,11.9700000
2015-06-30,037654,83.400,-0.057674,11.1300000
2015-07-31,037654,80.000,-0.053908,10.5300000
2015-08-31,037654,72.000,-0.100665,9.4700000
2015-09-30,037654,71.500,-0.044351,9.0500000
2015-10-30,037654,77.500,0.085083,9.8200000
2015-11-30,037654,74.800,-0.047862,9.3500000
2015-12-31,037654,81.200,0.054145,9.7800000
2016-01-29,037654,74.200,-0.117587,8.6300000
2016-02-29,037654,74.100,-0.023175,8.4300000
2016-03-31,037654,83.400,0.099644,9.2700000
2016-04-29,037654,84.000,-0.004315,9.2300000
2016-05-31,037654,79.300,-0.056338,8.7100000
2016-06-30,037654,78.700,0.022363,8.7400000
2016-07-29,037654,79.800,0.037757,9.0700000
2016-08-31,037654,80.900,0.014333,9.2000000
2016-09-30,037654,81.800,-0.013043,9.0800000
2016-10-31,037654,79.500,-0.027533,8.8300000
2016-11-30,037654,72.200,-0.091733,8.0200000
2016-12-30,037654,71.300,0.005963,7.9200000
2017-01-31,037654,74.300,0.041667,8.2500000
2017-02-28,037654,79.400,0.046061,8.6300000
2017-03-31,037654,80.200,-0.010429,8.5400000
2017-04-28,037654,80.600,-0.007026,8.4800000
2017-05-31,037654,84.800,0.021226,8.6600000
2017-06-30,037654,88.800,0.001920,8.5300000
2017-07-31,037654,97.200,0.055100,9.0000000
2017-08-31,037654,102.400,0.006667,9.0600000
2017-09-29,037654,112.600,-0.013245,8.9400000
2017-10-31,037654,123.400,0.038031,9.2800000
2017-11-30,037654,122.700,-0.042026,8.8900000
2017-12-29,037654,140.300,0.055194,9.2900000
2018-01-31,037654,150.300,0.030140,9.5700000
2018-02-28,037654,151.700,-0.020899,9.3700000
2018-03-29,037654,156.100,0.009605,9.4600000
2018-04-30,037654,178.700,0.043340,9.8700000
2018-05-31,037654,188.200,-0.017224,9.7000000
2018-06-29,037654,169.600,-0.086476,8.7400000
2018-07-31,037654,177.500,0.041190,9.1000000
2018-08-31,037654,169.900,-0.042857,8.7100000
2018-09-28,037654,165.700,-0.013777,8.5900000
2018-10-31,037654,154.800,-0.055879,8.1100000
2018-11-30,037654,165.500,0.102343,8.9400000
2018-12-31,037654,159.600,-0.063374,8.2700000
2019-01-31,037654,185.300,0.142684,9.4500000
2019-02-28,037654,198.200,0.027513,9.7100000
2019-03-29,037654,208.600,0.004119,9.7500000
2019-04-30,037654,222.800,0.038974,10.1300000
2019-05-31,037654,226.900,-0.012833,10.0000000
2019-06-28,037654,256.800,0.069064,10.6100000
2019-07-31,037654,280.200,0.007540,10.6900000
2019-08-30,037654,331.500,0.020580,10.9100000
2019-09-30,037654,357.900,-0.002750,10.8800000
2019-10-31,037654,369.300,-0.019301,10.6700000
2019-11-29,037654,370.500,0.029991,10.9900000
2019-12-31,037654,429.000,0.074006,11.7200000
2020-01-31,037654,514.800,0.035836,12.1400000
2020-02-28,037654,631.100,0.023064,12.4200000
2020-03-31,037654,499.200,-0.225443,9.6200000
2020-04-30,037654,570.400,0.116424,10.7400000
2020-05-29,037654,643.300,0.107076,11.8900000
2020-06-30,037654,721.300,0.052488,12.4600000
2020-07-31,037654,921.300,0.157303,14.4200000
2020-08-31,037654,1333.300,0.190014,17.1600000
2020-09-30,037654,1541.900,0.074592,18.4400000
2020-10-30,037654,1956.700,0.056941,19.4900000
2020-11-30,037654,3066.600,0.209338,23.5700000
2020-12-31,037654,4688.300,0.194711,28.1100000
2021-01-29,037654,6510.000,0.061188,29.8300000
2021-02-26,037654,5791.900,-0.134428,25.8200000
2021-03-31,037654,5531.700,-0.067777,24.0700000
2021-04-30,037654,5811.900,-0.036560,23.1900000
2021-05-28,037654,5932.100,-0.013368,22.8800000
2021-06-30,037654,6162.500,0.028407,23.4000000
2021-07-30,037654,6050.200,-0.030342,22.6900000
2021-08-31,037654,6226.700,0.028206,23.3300000
2021-09-30,037654,5788.000,-0.072439,21.6400000
2021-10-29,037654,6874.700,0.165434,25.2200000
2021-11-30,037654,6449.300,-0.068993,23.4800000
2021-12-31,037654,5605.500,-0.092736,21.1800000
2022-01-31,037654,4808.700,-0.115675,18.7300000
2022-02-28,037654,5192.100,0.106188,20.7189000
2022-03-31,037654,5660.300,0.035615,21.4568000
2022-04-29,037654,4989.300,-0.119883,18.8845000
2022-05-31,037654,5033.800,0.057354,19.9676000
2022-06-30,037654,4791.100,-0.041135,19.0122000
2022-07-29,037654,5605.300,0.172726,22.2961000
2022-08-31,037654,5624.000,-0.006131,22.1594000
2022-09-30,037654,4852.700,-0.137829,19.1052000
2022-10-31,037654,4780.000,-0.013038,18.8561000
2022-11-30,037654,5464.200,0.121467,21.1465000
2022-12-30,037654,5124.500,-0.058000,19.8855000
2023-01-31,037654,5244.700,0.042468,20.7300000
2023-02-28,037654,4779.600,-0.071795,19.2417000
2023-03-31,037654,4864.300,0.028890,19.7976000
2023-04-28,037654,4573.400,-0.054032,18.7279000
2023-05-31,037654,4335.500,-0.018651,18.3786000
2023-06-30,037654,4239.100,0.006966,18.3829000
2023-07-31,037654,4086.000,-0.005483,18.2821000
2023-08-31,037654,3481.000,-0.120544,16.0783000
2023-09-29,037654,3140.200,-0.089475,14.6397000
2023-10-31,037654,2624.800,-0.110651,13.0198000
2023-11-30,037654,2772.800,0.092152,14.2196000
2023-12-29,037654,3073.300,0.106712,15.6085000
2024-01-31,037654,2496.200,-0.111535,13.8676000
2024-02-29,037654,2488.900,0.003231,13.9124000
2024-03-28,037654,2419.800,0.005398,13.9875000
2024-04-30,037654,2165.400,-0.053133,13.2443000
2024-05-31,037654,2443.200,0.130358,14.9708000
2024-06-28,037654,2124.100,-0.100149,13.3844000
2024-07-31,037654,2164.000,0.056058,14.1347000
2024-08-30,037654,2158.600,0.011383,14.2956000
2024-09-30,037654,2204.800,0.026840,14.6793000
2024-10-31,037654,1905.200,-0.107383,13.1030000
2024-11-29,037654,1676.200,-0.055224,12.3794000
2024-12-31,037654,1421.500,-0.070259,11.3990000
2025-01-31,037654,1397.800,-0.002237,11.3735000
2025-02-28,037654,1293.300,-0.020539,11.1399000
2025-03-31,037654,1308.100,0.023726,11.4042000
2025-04-30,037654,1313.900,0.033304,11.7840000
2025-05-30,037654,1397.300,0.078938,12.7142000
2025-06-30,037654,1408.100,0.041019,13.0982000
2025-07-31,037654,1443.400,0.025095,13.4269000
2025-08-29,037654,1557.900,0.071379,14.3853000
2025-09-30,037654,1679.500,0.075070,15.4652000
2025-10-31,037654,1954.100,0.117173,17.2773000
2025-11-28,037654,1945.700,-0.019025,16.9486000
2025-12-31,037654,1896.700,-0.024315,16.4075000
2026-01-30,037654,2084.300,0.110443,18.2196000
2026-02-27,037654,2121.800,0.001328,18.2438000
2026-03-31,037654,2155.500,-0.002933,18.1903000
2026-04-30,037654,2502.700,0.137051,20.6833000
2026-05-29,037654,3209.400,0.136772,23.5122000
2026-06-30,037654,2908.000,-0.124218,20.5369000
2008-09-30,042976,0.100,,
2008-10-31,042976,2.000,R,20.2022000
2008-11-28,042976,2.000,-0.016444,19.8700000
2008-12-31,042976,4.500,0.141200,22.5800000
2009-01-30,042976,6.000,-0.111134,20.0706000
2009-02-27,042976,7.600,-0.053332,19.0002000
2009-03-31,042976,10.900,0.146630,21.7862000
2009-04-30,042976,21.200,0.217881,26.5330000
2009-05-29,042976,36.400,0.247880,33.1100000
2009-06-30,042976,46.500,-0.032317,32.0400000
2009-07-31,042976,57.400,0.156367,37.0500000
2009-08-31,042976,63.900,0.014121,37.5732000
2009-09-30,042976,80.900,0.076094,40.4323000
2009-10-30,042976,103.800,-0.012727,39.9177000
2009-11-30,042976,116.800,0.045150,41.7200000
2009-12-31,042976,126.600,0.036594,42.9200000
2010-01-29,042976,129.400,-0.057535,40.4506000
2010-02-26,042976,125.800,0.019762,41.2500000
2010-03-31,042976,136.000,0.080693,44.5786000
2010-04-30,042976,146.500,-0.004231,44.3900000
2010-05-28,042976,130.000,-0.112413,39.4000000
2010-06-30,042976,127.700,-0.017840,38.6971000
2010-07-30,042976,142.100,0.113003,43.0700000
2010-08-31,042976,130.200,-0.024950,41.9954000
2010-09-30,042976,149.500,0.150366,48.2128000
2010-10-29,042976,159.700,0.035202,49.9100000
2010-11-30,042976,170.500,-0.009966,49.4126000
2010-12-31,042976,192.000,0.086321,53.3300000
2011-01-31,042976,204.600,-0.028502,51.8100000
2011-02-28,042976,201.300,-0.016591,50.9504000
2011-03-31,042976,201.700,0.055917,53.7850000
2011-04-29,042976,249.000,0.040439,55.9600000
2011-05-31,042976,239.500,-0.038431,53.8094000
2011-06-30,042976,234.600,-0.017528,52.7149000
2011-07-29,042976,201.900,-0.030360,51.1145000
2011-08-31,042976,156.700,-0.123928,44.7800000
2011-09-30,042976,120.900,-0.212741,35.0550000
2011-10-31,042976,131.100,0.168407,40.9585000
2011-11-30,042976,119.800,-0.056635,38.6388000
2011-12-30,042976,112.200,-0.024550,37.3916000
2012-01-31,042976,122.600,0.130449,42.2693000
2012-02-29,042976,131.500,0.072504,45.3340000
2012-03-30,042976,124.600,-0.051428,42.9753000
2012-04-30,042976,123.400,-0.009896,42.5500000
2012-05-31,042976,102.600,-0.123316,37.3029000
2012-06-29,042976,99.800,0.014350,37.6532000
2012-07-31,042976,98.100,0.002348,37.7416000
2012-08-31,042976,88.800,-0.019475,37.0066000
2012-09-28,042976,94.700,0.074577,39.4574000
2012-10-31,042976,94.400,0.017553,40.1500000
2012-11-30,042976,94.600,0.002760,40.2608000
2012-12-31,042976,101.200,0.072853,43.0400000
2013-01-31,042976,111.800,0.018808,43.8495000
2013-02-28,042976,109.200,-0.023063,42.8382000
2013-03-28,042976,103.300,-0.035349,41.3239000
2013-04-30,042976,102.100,-0.011531,40.8474000
2013-05-31,042976,96.300,-0.037941,39.2976000
2013-06-28,042976,81.100,-0.080446,36.0600000
2013-07-31,042976,82.200,0.013103,36.5325000
2013-08-30,042976,75.700,-0.013103,36.0538000
2013-09-30,042976,78.700,0.047230,37.4931000
2013-10-31,042976,71.600,0.032470,38.7105000
2013-11-29,042976,65.600,-0.002764,38.6035000
2013-12-31,042976,59.100,-0.006035,38.1462000
2014-01-31,042976,53.500,-0.064691,35.6785000
2014-02-28,042976,52.900,0.021624,36.4500000
2014-03-31,042976,48.200,0.016735,37.0600000
2014-04-30,042976,42.900,0.006387,37.2967000
2014-05-30,042976,43.300,0.009805,37.6624000
2014-06-30,042976,43.500,0.008756,37.7971000
2014-07-31,042976,44.700,0.028486,38.8738000
2014-08-29,042976,43.100,0.007329,39.1587000
2014-09-30,042976,38.200,-0.064013,36.3900000
2014-10-31,042976,36.800,0.011517,36.8091000
2014-11-28,042976,37.100,0.008441,37.1198000
2014-12-31,042976,34.500,-0.017077,36.2889000
2015-01-30,042976,32.100,-0.016658,35.6844000
2015-02-27,042976,33.100,0.029394,36.7333000
2015-03-31,042976,32.600,-0.014393,36.2046000
2015-04-30,042976,36.600,0.122628,40.6443000
2015-05-29,042976,36.000,-0.016863,39.9589000
2015-06-30,042976,32.600,-0.089136,36.1897000
2015-07-31,042976,29.700,-0.089611,32.9467000
2015-08-31,042976,27.500,-0.072101,30.5712000
2015-09-30,042976,26.200,-0.042972,29.0643000
2015-10-30,042976,27.900,0.065503,30.9681000
2015-11-30,042976,26.000,-0.067631,28.8737000
2015-12-31,042976,20.600,-0.042713,27.5500000
2016-01-29,042976,17.500,-0.090018,25.0700000
2016-02-29,042976,16.500,0.010239,25.3267000
2016-03-31,042976,18.900,0.151849,29.1136000
2016-04-29,042976,20.100,0.062043,30.9199000
2016-05-31,042976,18.400,-0.082390,28.3724000
2016-06-30,042976,18.900,0.031510,29.1384000
2016-07-29,042976,20.100,0.061366,30.9265000
2016-08-31,042976,20.200,0.007227,31.1500000
2016-09-30,042976,19.900,-0.009369,30.6125000
2016-10-31,042976,20.300,0.018068,31.1656000
2016-11-30,042976,19.000,0.013910,31.5991000
2016-12-30,042976,18.600,-0.016379,31.0400000
2017-01-31,042976,20.100,0.080541,33.5400000
2017-02-28,042976,19.300,0.047278,35.1257000
2017-03-31,042976,19.200,-0.004330,34.9736000
2017-04-28,042976,19.300,0.003408,35.0928000
2017-05-31,042976,18.900,-0.020993,34.3561000
2017-06-30,042976,19.000,0.010032,34.5628000
2017-07-31,042976,19.700,0.037179,35.8478000
2017-08-31,042976,20.100,0.020886,36.5965000
2017-09-29,042976,19.900,-0.003070,36.2590000
2017-10-31,042976,20.400,0.023194,37.1000000
2017-11-30,042976,20.000,-0.021631,36.2975000
2017-12-29,042976,20.400,0.048162,37.0700000
2018-01-31,042976,21.900,0.076029,39.8884000
2018-02-28,042976,21.100,-0.037241,38.4029000
2018-03-29,042976,20.200,-0.045747,36.6461000
2018-04-30,042976,20.700,0.028704,37.6980000
2018-05-31,042976,19.900,-0.040496,36.1714000
2018-06-29,042976,18.300,-0.078004,33.3499000
2018-07-31,042976,19.700,0.072024,35.7519000
2018-08-31,042976,19.100,-0.027736,34.7603000
2018-09-28,042976,19.600,0.022989,35.5594000
2018-10-31,042976,17.400,-0.107971,31.7200000
2018-11-30,042976,17.900,0.027938,32.6062000
2018-12-31,042976,14.200,-0.031225,31.5832000
2019-01-31,042976,15.500,0.090162,34.4308000
2008-09-30,043250,0.100,,
2008-10-31,043250,2.700,R,27.0600000
2008-11-28,043250,2.800,0.016999,27.5200000
2008-12-31,043250,7.700,0.122456,30.8900000
2009-01-30,043250,14.900,-0.123988,27.0600000
2009-02-27,043250,14.300,-0.121212,23.7800000
2009-03-31,043250,18.900,0.133305,26.9500000
2009-04-30,043250,18.700,0.156957,31.1800000
2009-05-29,043250,24.800,0.134702,35.3800000
2009-06-30,043250,27.400,-0.021785,34.2700000
2009-07-31,043250,31.200,0.072658,36.7600000
2009-08-31,043250,32.900,0.051415,38.6500000
2009-09-30,043250,35.800,0.028719,39.7600000
2009-10-30,043250,33.700,-0.058883,37.4188000
2009-11-30,043250,35.500,-0.002469,37.3264000
2009-12-31,043250,36.400,0.028464,38.3124000
2010-01-29,043250,35.600,-0.021909,37.4730000
2010-02-26,043250,33.200,-0.014128,36.9436000
2010-03-31,043250,37.900,0.081240,39.9449000
2010-04-30,043250,42.500,0.012465,40.4428000
2010-05-28,043250,35.100,-0.131972,35.1055000
2010-06-30,043250,26.500,-0.046263,33.0703000
2010-07-30,043250,29.300,0.106582,36.5950000
2010-08-31,043250,,-0.037937,35.2067000
2010-09-30,043250,,0.123522,39.5555000
2010-10-29,043250,33.100,0.047248,41.4244000
2010-11-30,043250,32.200,-0.028408,40.2476000
2010-12-31,043250,37.900,0.110538,44.5600000
2011-01-31,043250,39.300,0.038236,46.2638000
2011-02-28,043250,42.200,0.013626,46.8942000
2011-03-31,043250,63.500,0.041472,48.8390000
2011-04-29,043250,69.200,0.011995,49.4248000
2011-05-31,043250,65.600,-0.051250,46.8918000
2011-06-30,043250,60.600,-0.031623,44.8738000
2011-07-29,043250,57.800,-0.045615,42.8269000
2011-08-31,043250,37.000,-0.091153,38.9231000
2011-09-30,043250,30.400,-0.131672,33.7980000
2011-10-31,043250,32.400,0.129451,38.1732000
2011-11-30,043250,27.600,-0.037560,36.7394000
2011-12-30,043250,25.300,-0.010052,36.1825000
2012-01-31,043250,35.900,0.103221,39.9173000
2012-02-29,043250,37.800,0.051572,41.9759000
2012-03-30,043250,36.900,-0.022351,41.0028000
2012-04-30,043250,35.500,-0.037710,39.4566000
2012-05-31,043250,30.900,-0.128559,34.3841000
2012-06-29,043250,30.800,0.067444,36.1786000
2012-07-31,043250,30.800,0.000959,36.2133000
2012-08-31,043250,18.500,0.020473,36.9547000
2012-09-28,043250,17.600,0.057782,39.0900000
2012-10-31,043250,17.700,0.005697,39.3127000
2012-11-30,043250,17.700,0.000176,39.3196000
2012-12-31,043250,19.100,0.081160,42.4400000
2013-01-31,043250,17.400,0.027095,43.5899000
2013-02-28,043250,17.300,-0.008392,43.2241000
2013-03-28,043250,17.200,-0.004292,43.0386000
2013-04-30,043250,17.200,-0.003183,42.9016000
2013-05-31,043250,15.300,0.021253,43.8134000
2013-06-28,043250,14.700,-0.025412,42.0311000
2013-07-31,043250,15.500,0.056530,44.4071000
2013-08-30,043250,15.300,-0.018175,43.6000000
2013-09-30,043250,16.800,0.101830,47.9218000
2013-10-31,043250,17.600,0.047534,50.1997000
2013-11-29,043250,24.900,-0.009157,49.7400000
2013-12-31,043250,25.600,0.031603,51.1100000
2014-01-31,043250,22.400,-0.025997,49.7813000
2014-02-28,043250,23.300,0.042134,51.8788000
2014-03-31,043250,23.500,0.008109,52.2814000
2014-04-30,043250,23.600,0.002693,52.4222000
2014-05-30,043250,23.800,0.007672,52.8244000
2014-06-30,043250,23.700,0.007422,52.7360000
2014-07-31,043250,23.000,-0.030374,51.1342000
2014-08-29,043250,18.100,0.012154,51.7557000
2014-09-30,043250,16.800,-0.067500,48.1180000
2014-10-31,043250,13.900,-0.038140,46.2828000
2014-11-28,043250,13.500,-0.029164,44.9330000
2014-12-31,043250,13.500,0.003677,44.9920000
2015-01-30,043250,12.800,-0.050820,42.7055000
2015-02-27,043250,14.000,0.092824,46.6696000
2015-03-31,043250,14.000,0.002151,46.7700000
2015-04-30,043250,15.000,0.069237,50.0082000
2015-05-29,043250,12.400,-0.008301,49.5931000
2015-06-30,043250,12.100,-0.018221,48.3108000
2015-07-31,043250,11.800,-0.020538,47.3186000
2015-08-31,043250,16.300,-0.016786,46.5243000
2015-09-30,043250,15.500,-0.049976,44.1708000
2015-10-30,043250,16.400,0.058315,46.7466000
2015-11-30,043250,16.200,-0.011460,46.2109000
2015-12-31,043250,13.300,-0.040584,44.2406000
2016-01-29,043250,12.700,-0.046365,42.1894000
2016-02-29,043250,12.700,-0.000358,42.1743000
2016-03-31,043250,14.000,0.109088,46.7750000
2016-04-29,043250,14.600,0.038805,48.5901000
2016-05-31,043250,14.400,-0.008948,48.1553000
2016-06-30,043250,13.600,-0.043660,45.3074000
2016-07-29,043250,14.400,0.055889,47.8396000
2016-08-31,043250,14.200,-0.007400,47.4856000
2016-09-30,043250,14.600,0.026018,48.6238000
2016-10-31,043250,14.300,-0.017115,47.7916000
2016-11-30,043250,14.700,0.024419,48.9586000
2016-12-30,043250,14.800,0.009211,49.2842000
2017-01-31,043250,15.200,0.025958,50.5635000
2017-02-28,043250,15.300,0.006259,50.8800000
2017-03-31,043250,15.600,0.023396,52.0704000
2017-04-28,043250,16.200,0.035460,53.9168000
2017-05-31,043250,16.100,-0.007695,53.5019000
2017-06-30,043250,16.300,0.020773,54.1854000
2017-07-31,043250,16.500,0.017590,55.1385000
2017-08-31,043250,16.500,-0.004028,54.9164000
2017-09-29,043250,17.100,0.037302,56.8841000
2017-10-31,043250,17.400,0.018321,57.9263000
2017-11-30,043250,17.800,0.021988,59.2000000
2017-12-29,043250,17.800,0.009799,59.3945000
2018-01-31,043250,21.800,0.046683,62.1672000
2018-02-28,043250,20.300,-0.069184,57.8662000
2018-03-29,043250,19.900,-0.016236,56.9131000
2018-04-30,043250,20.700,0.037308,59.0364000
2018-05-31,043250,20.100,-0.027032,57.4405000
2018-06-29,043250,19.600,-0.017242,55.9062000
2018-07-31,043250,20.000,0.020270,57.0394000
2018-08-31,043250,16.700,-0.026767,55.5126000
2018-09-28,043250,14.200,0.024827,56.7757000
2018-10-31,043250,12.500,-0.119387,49.9974000
2018-11-30,043250,12.500,-0.003054,49.8447000
2018-12-31,043250,11.600,-0.070483,46.2094000
2019-01-31,043250,12.300,0.066307,49.2734000
2019-02-28,043250,12.700,0.031581,50.8295000
2019-03-29,043250,12.500,-0.015104,50.0384000
2019-04-30,043250,12.900,0.034320,51.7557000
2019-05-31,043250,9.500,-0.081189,47.5537000
2019-06-28,043250,10.000,0.066361,50.0780000
2019-07-31,043250,9.400,-0.056502,47.2485000
2019-08-30,043250,9.100,-0.037390,45.4819000
2019-09-30,043250,9.400,0.037213,47.0421000
2019-10-31,043250,9.700,0.035913,48.7315000
2019-11-29,043250,9.800,0.006776,49.0617000
2019-12-31,043250,10.200,0.044788,51.0918000
2020-01-31,043250,9.800,-0.038255,49.1373000
2020-02-28,043250,6.700,-0.086745,44.8749000
2020-03-31,043250,5.300,-0.193698,35.5373000
2020-04-30,043250,5.900,0.097737,39.0106000
2020-05-29,043250,6.100,0.044396,40.7425000
2020-06-30,043250,6.200,0.025349,41.4456000
2020-07-31,043250,6.100,-0.026604,40.3430000
2020-08-31,043250,6.500,0.082113,43.6557000
2020-09-30,043250,6.300,-0.032200,42.0598000
2020-10-30,043250,6.200,-0.019235,41.2508000
2020-11-30,043250,7.100,0.154644,47.6300000
2020-12-31,043250,7.400,0.035564,49.0700000
2021-01-29,043250,7.300,-0.007744,48.6900000
2021-02-26,043250,7.700,0.053399,51.2900000
2021-03-31,043250,8.300,0.075258,55.1500000
2021-04-30,043250,8.600,0.034633,57.0600000
2021-05-28,043250,11.400,0.001402,57.1400000
2021-06-30,043250,10.800,-0.048568,53.9800000
2021-07-30,043250,10.800,-0.002038,53.8700000
2021-08-31,043250,11.000,0.020234,54.9600000
2021-09-30,043250,10.800,-0.016142,53.9400000
2021-10-29,043250,11.100,0.024657,55.2700000
2021-11-30,043250,10.500,-0.052108,52.3900000
2021-12-31,043250,11.000,0.052705,54.8800000
2022-01-31,043250,10.700,-0.029155,53.2800000
2022-02-28,043250,10.700,0.000751,53.3200000
2022-03-31,043250,10.900,0.021568,54.4700000
2022-04-29,043250,10.200,-0.065173,50.9200000
2022-05-31,043250,10.400,0.020031,51.9400000
2022-06-30,043250,7.100,-0.075508,47.3600000
2022-07-29,043250,7.400,0.041596,49.3300000
2022-08-31,043250,9.700,-0.011960,48.7400000
2022-09-30,043250,8.700,-0.107094,43.4200000
2022-10-31,043250,7.100,0.085675,47.1400000
2022-11-30,043250,7.500,0.062367,50.0800000
2022-12-30,043250,7.300,-0.028811,48.3900000
2023-01-31,043250,7.600,0.053523,50.9800000
2023-02-28,043250,7.400,-0.030600,49.4200000
2023-03-31,043250,7.500,0.011750,49.9100000
2023-04-28,043250,7.500,-0.000601,49.8800000
2023-05-31,043250,7.300,-0.026263,48.5700000
2023-06-30,043250,7.900,0.094695,52.9800000
2023-07-31,043250,8.200,0.034541,54.8100000
2023-08-31,043250,8.000,-0.023718,53.5100000
2023-09-29,043250,7.600,-0.050559,50.6800000
2023-10-31,043250,7.400,-0.026243,49.3500000
2023-11-30,043250,8.100,0.096251,54.1000000
2023-12-29,043250,8.500,0.056834,56.9100000
2024-01-31,043250,8.400,-0.020910,55.7200000
2024-02-29,043250,8.900,0.062455,59.2000000
2024-03-28,043250,9.300,0.054227,62.2500000
2024-04-30,043250,9.000,-0.031165,60.3100000
2024-05-31,043250,9.300,0.031338,62.2000000
2024-06-28,043250,9.000,-0.028213,60.2300000
2024-07-31,043250,9.600,0.059273,63.8000000
2024-08-30,043250,9.700,0.017555,64.9200000
2024-09-30,043250,10.200,0.045872,67.7300000
2024-10-31,043250,10.100,-0.003839,67.4700000
2024-11-29,043250,11.000,0.082852,73.0600000
2024-12-31,043250,13.300,-0.087663,66.3400000
2025-01-31,043250,13.800,0.042961,69.1900000
2025-02-28,043250,13.700,-0.012430,68.3300000
2025-03-31,043250,13.100,-0.035865,65.7300000
2025-04-30,043250,13.200,0.000761,65.7800000
2025-05-30,043250,13.900,0.056096,69.4700000
2025-06-30,043250,14.300,0.032534,71.5000000
2025-07-31,043250,14.800,0.035664,74.0500000
2025-08-29,043250,14.800,-0.003781,73.7700000
2025-09-30,043250,15.100,0.026230,75.5200000
2025-10-31,043250,23.100,0.018538,76.9200000
2025-11-28,043250,19.100,-0.006853,76.3929000
2025-12-31,043250,18.700,-0.018271,74.6687000
2026-01-30,043250,19.800,0.058756,79.0559000
2026-02-27,043250,21.400,0.081661,85.5117000
2026-03-31,043250,20.300,-0.047539,81.2804000
2026-04-30,043250,22.200,0.090259,88.6167000
2026-05-29,043250,35.300,-0.004598,88.2092000
2026-06-30,043250,40.500,0.022212,90.0058000
2000-01-31,043509,0.100,,
2000-03-31,043509,,R,68.5000000
2000-04-28,043509,,-0.178686,56.2600000
2000-05-31,043509,,-0.207074,44.6100000
2000-06-30,043509,,0.399910,62.4500000
2000-07-31,043509,,-0.177262,51.3800000
2000-08-31,043509,,0.221098,62.7400000
2000-09-29,043509,,-0.119860,55.2200000
2000-10-31,043509,,-0.283593,39.5600000
2000-11-30,043509,,-0.380435,24.5100000
2000-12-29,043509,,-0.085271,22.4200000
2001-01-31,043509,,0.042373,23.3700000
2001-02-28,043509,,-0.412923,13.7200000
2001-03-30,043509,,-0.263120,10.1100000
2001-04-30,043509,,0.297725,13.1200000
2001-05-31,043509,,-0.007622,13.0200000
2001-06-29,043509,,-0.104455,11.6600000
2001-07-31,043509,,-0.231561,8.9600000
2001-08-31,043509,,-0.265625,6.5800000
2001-09-28,043509,,-0.214286,5.1700000
2001-10-31,043509,,0.052224,5.4400000
2001-11-30,043509,,0.172794,6.3800000
2001-12-31,043509,,-0.004702,6.3500000
2002-01-31,043509,,-0.070866,5.9000000
2002-02-28,043509,,-0.249153,4.4300000
2002-03-28,043509,,0.099323,4.8700000
2002-04-30,043509,,-0.369610,3.0700000
2002-05-31,043509,,-0.026059,2.9900000
2002-06-28,043509,,-0.250836,2.2400000
2002-07-31,043509,,-0.303571,1.5600000
2002-08-30,043509,,0.070513,1.6700000
2002-09-30,043509,,-0.215569,1.3100000
2002-10-31,043509,,0.442748,1.8900000
2002-11-29,043509,,0.417989,2.6800000
2002-12-31,043509,,-0.108209,2.3900000
2003-01-31,043509,,0.008368,2.4100000
2003-02-28,043509,,-0.070539,2.2400000
2003-03-31,043509,,0.013393,2.2700000
2003-04-30,043509,,0.207048,2.7400000
2003-05-30,043509,,0.208029,3.3100000
2003-06-30,043509,,-0.045317,3.1600000
2003-07-31,043509,,0.091772,3.4500000
2003-08-29,043509,,0.049275,3.6200000
2003-09-30,043509,,-0.058011,3.4100000
2003-10-31,043509,,0.167155,3.9800000
2003-11-28,043509,,-0.007538,3.9500000
2003-12-31,043509,,-0.043038,3.7800000
2004-01-30,043509,,0.089947,4.1200000
2004-02-27,043509,,0.043689,4.3000000
2004-03-31,043509,,-0.060465,4.0400000
2004-04-30,043509,,-0.111386,3.5900000
2004-05-28,043509,,-0.005571,3.5700000
2004-06-30,043509,,0.061625,3.7900000
2004-07-30,043509,,-0.153034,3.2100000
2004-08-31,043509,,-0.037383,3.0900000
2004-09-30,043509,,0.087379,3.3600000
2004-10-29,043509,,0.184524,3.9800000
2004-11-30,043509,,0.100503,4.3800000
2004-12-31,043509,,0.047945,4.5900000
2005-01-31,043509,,-0.128540,4.0000000
2005-02-28,043509,,-0.015000,3.9400000
2005-03-31,043509,,0.015228,4.0000000
2005-04-29,043509,,-0.090000,3.6400000
2005-05-31,043509,,0.159341,4.2200000
2005-06-30,043509,,-0.052133,4.0000000
2005-07-29,043509,,-0.025000,3.9000000
2005-08-31,043509,,-0.084615,3.5700000
2005-09-30,043509,,0.022409,3.6500000
2005-10-31,043509,,0.063014,3.8800000
2005-11-30,043509,,0.007732,3.9100000
2005-12-30,043509,,-0.002558,3.9000000
2006-01-31,043509,,0.082051,4.2200000
2006-02-28,043509,,0.049763,4.4300000
2006-03-31,043509,,0.106095,4.9000000
2006-04-28,043509,,0.016327,4.9800000
2006-05-31,043509,,-0.046185,4.7500000
2006-06-30,043509,,0.040000,4.9400000
2006-07-31,043509,,-0.093117,4.4800000
2006-08-31,043509,,0.091518,4.8900000
2006-09-29,043509,,0.092025,5.3400000
2006-10-31,043509,,0.016854,5.4300000
2006-11-30,043509,,0.034991,5.6200000
2006-12-29,043509,,-0.023132,5.4900000
2007-01-31,043509,,0.009107,5.5400000
2007-02-28,043509,,-0.045126,5.2900000
2007-03-30,043509,,-0.024575,5.1600000
2007-04-30,043509,,-0.007752,5.1200000
2007-05-31,043509,,0.066406,5.4600000
2007-06-29,043509,,0.047619,5.7200000
2007-07-31,043509,,-0.136364,4.9400000
2007-08-31,043509,,-0.008097,4.9000000
2007-09-28,043509,,0.044898,5.1200000
2007-10-31,043509,,0.132813,5.8000000
2007-11-30,043509,,0.024138,5.9400000
2007-12-31,043509,,-0.055556,5.6100000
2008-01-31,043509,,-0.030303,5.4400000
2008-02-29,043509,,0.042279,5.6700000
2008-03-31,043509,,-0.052910,5.3700000
2008-04-30,043509,,0.083799,5.8200000
2008-05-30,043509,,0.099801,4.2800000
2008-06-30,043509,,-0.077103,3.9500000
2008-07-31,043509,,-0.164557,3.3000000
2008-08-29,043509,,-0.012121,3.2600000
2008-09-30,043509,,-0.196319,2.6200000
2008-10-31,043509,,-0.187023,2.1300000
2008-11-28,043509,,-0.032864,2.0600000
2008-12-31,043509,,-0.043689,1.9700000
2009-01-30,043509,,-0.040609,1.8900000
2009-02-27,043509,,0.047619,1.9800000
2009-03-31,043509,,0.005051,1.9900000
2009-04-30,043509,,0.105528,2.2000000
2009-05-29,043509,,0.104545,2.4300000
2009-06-30,043509,,-0.148148,2.0700000
2009-07-31,043509,,-0.004831,2.0600000
2009-08-31,043509,,0.063107,2.1900000
2009-09-30,043509,,0.100457,2.4100000
2009-10-30,043509,,0.004149,2.4200000
2009-11-30,043509,,0.008264,2.4400000
2009-12-31,043509,,0.077869,2.6300000
2010-01-29,043509,,-0.026616,2.5600000
2010-02-26,043509,,0.085938,2.7800000
2010-03-31,043509,,0.086331,3.0200000
2010-04-30,043509,,0.082781,3.2700000
2010-05-28,043509,,0.003058,3.2800000
2010-06-30,043509,,-0.027439,3.1900000
2010-07-30,043509,,0.012539,3.2300000
2010-08-31,043509,,0.074303,3.4700000
2010-09-30,043509,,0.097983,3.8100000
2010-10-29,043509,,0.057743,4.0300000
2010-11-30,043509,,0.002481,4.0400000
2010-12-31,043509,,-0.049505,3.8400000
2011-01-31,043509,,0.020833,3.9200000
2011-02-28,043509,,-0.053571,3.7100000
2011-03-31,043509,,0.018868,3.7800000
2011-04-29,043509,,-0.015873,3.7200000
2011-05-31,043509,,0.010644,3.5900000
2011-06-30,043509,,-0.052925,3.4000000
2011-07-29,043509,,-0.105882,3.0400000
2011-08-31,043509,,-0.028971,2.8900000
2011-09-30,043509,,-0.086505,2.6400000
2011-10-31,043509,,0.174242,3.1000000
2011-11-30,043509,,0.038710,3.2200000
2011-12-30,043509,,0.074534,3.4600000
2006-12-29,043547,0.100,,
2007-01-31,043547,15.300,R,50.8600000
2007-02-28,043547,15.700,0.018285,51.7900000
2007-03-30,043547,16.200,0.039969,53.8600000
2007-04-30,043547,16.800,0.040048,56.0170000
2007-05-31,043547,23.000,0.024350,57.3810000
2007-06-29,043547,27.900,-0.026629,55.8530000
2007-07-31,043547,37.800,-0.033015,54.0090000
2007-08-31,043547,43.300,0.016682,54.9100000
2007-09-28,043547,46.100,0.050392,57.6770000
2007-10-31,043547,55.000,0.060475,61.1650000
2007-11-30,043547,55.800,0.013227,61.9740000
2007-12-31,043547,72.700,-0.004013,60.5790000
2008-01-31,043547,73.100,-0.072038,56.2150000
2008-02-29,043547,72.800,-0.004376,55.9690000
2008-03-31,043547,72.300,-0.005968,55.6350000
2008-04-30,043547,80.700,0.036171,57.6474000
2008-05-30,043547,89.600,0.036385,59.7449000
2008-06-30,043547,91.900,-0.038102,57.4685000
2008-07-31,043547,94.000,-0.037955,55.2873000
2008-08-29,043547,90.800,-0.033557,53.4320000
2008-09-30,043547,79.900,-0.119881,47.0265000
2008-10-31,043547,68.700,-0.141114,40.3904000
2008-11-28,043547,67.400,-0.018438,39.6457000
2008-12-31,043547,68.000,0.048004,40.0265000
2009-01-30,043547,63.800,-0.062913,37.5083000
2009-02-27,043547,59.700,-0.115844,33.1632000
2009-03-31,043547,56.700,0.005859,33.3575000
2009-04-30,043547,59.800,0.054339,35.1701000
2009-05-29,043547,64.600,0.079806,37.9769000
2009-06-30,043547,63.600,0.008593,37.4006000
2009-07-31,043547,66.400,0.044071,39.0489000
2009-08-31,043547,68.900,0.038662,40.5586000
2009-09-30,043547,67.100,0.033978,41.9367000
2009-10-30,043547,64.200,-0.043730,40.1028000
2009-11-30,043547,67.200,0.047201,41.9957000
2009-12-31,043547,68.300,0.034318,42.6862000
2010-01-29,043547,64.800,-0.050569,40.5276000
2010-02-26,043547,64.100,-0.012224,40.0322000
2010-03-31,043547,66.000,0.030528,41.2543000
2010-04-30,043547,57.000,-0.012299,40.7469000
2010-05-28,043547,52.500,-0.078882,37.5327000
2010-06-30,043547,51.000,-0.007247,36.4312000
2010-07-30,043547,51.200,0.081617,39.4046000
2010-08-31,043547,51.100,-0.002221,39.3171000
2010-09-30,043547,53.200,0.040560,40.9118000
2010-10-29,043547,55.400,0.041264,42.6000000
2010-11-30,043547,48.200,-0.057434,40.1533000
2010-12-31,043547,49.700,0.049889,41.4488000
2011-01-31,043547,51.200,0.030264,42.7032000
2011-02-28,043547,52.600,0.026108,43.8181000
2011-03-31,043547,51.300,-0.025108,42.7179000
2011-04-29,043547,49.200,0.047441,44.7445000
2011-05-31,043547,48.100,-0.023484,43.6937000
2011-06-30,043547,42.700,-0.000413,42.6962000
2011-07-29,043547,41.500,-0.027892,41.5053000
2011-08-31,043547,36.200,-0.031203,40.2102000
2011-09-30,043547,35.000,-0.031482,38.9443000
2011-10-31,043547,36.600,0.044810,40.6894000
2011-11-30,043547,36.400,-0.005370,40.4709000
2011-12-30,043547,35.700,0.003160,39.7065000
2012-01-31,043547,35.300,-0.011449,39.2519000
2012-02-29,043547,36.300,0.027311,40.3239000
2012-03-30,043547,36.500,0.005753,40.5559000
2012-04-30,043547,36.400,-0.003186,40.4267000
2012-05-31,043547,34.500,-0.051196,38.3570000
2012-06-29,043547,35.700,0.054886,39.6564000
2012-07-31,043547,35.700,-0.000948,39.6188000
2012-08-31,043547,35.600,-0.000679,39.5919000
2012-09-28,043547,36.400,0.020906,40.4196000
2012-10-31,043547,36.600,0.007395,40.7185000
2012-11-30,043547,35.700,-0.025662,39.6736000
2012-12-31,043547,59.600,0.014679,39.7511000
2013-01-31,043547,65.300,0.026505,40.8047000
2013-02-28,043547,65.100,-0.002902,40.6863000
2013-03-28,043547,71.800,0.037357,42.2062000
2013-04-30,043547,76.300,0.063889,44.9027000
2013-05-31,043547,72.200,-0.053649,42.4937000
2013-06-28,043547,68.900,-0.020301,40.5051000
2013-07-31,043547,71.700,0.041503,42.1862000
2013-08-30,043547,65.500,-0.029583,40.9382000
2013-09-30,043547,52.200,0.062902,43.5133000
2013-10-31,043547,67.800,0.038073,45.1700000
2013-11-29,043547,67.200,-0.008162,44.8013000
2013-12-31,043547,75.900,0.013111,44.6335000
2014-01-31,043547,79.700,-0.008485,44.2548000
2014-02-28,043547,83.500,0.047715,46.3664000
2014-03-31,043547,95.500,0.029327,47.7262000
2014-04-30,043547,97.100,0.017575,48.5650000
2014-05-30,043547,139.400,0.024806,49.7697000
2014-06-30,043547,142.200,0.036567,50.7750000
2014-07-31,043547,139.200,-0.020835,49.7171000
2014-08-29,043547,142.300,0.022397,50.8306000
2014-09-30,043547,112.300,-0.039085,48.8439000
2014-10-31,043547,114.100,0.016053,49.6280000
2014-11-28,043547,114.200,0.000538,49.6547000
2014-12-31,043547,111.800,-0.006870,48.6028000
2015-01-30,043547,111.800,0.000521,48.6281000
2015-02-27,043547,111.800,-0.000047,48.6258000
2015-03-31,043547,120.500,-0.008940,48.1911000
2015-04-30,043547,105.600,0.043491,50.2870000
2015-05-29,043547,103.900,-0.015817,49.4916000
2015-06-30,043547,97.800,-0.045581,46.5871000
2015-07-31,043547,94.200,0.010539,47.0781000
2015-08-31,043547,89.000,-0.054622,44.5066000
2015-09-30,043547,56.300,-0.026902,43.3093000
2015-10-30,043547,59.000,0.047502,45.3666000
2015-11-30,043547,73.800,-0.042926,43.4192000
2015-12-31,043547,62.200,-0.026185,41.4579000
2016-01-29,043547,61.700,-0.008052,41.1241000
2016-02-29,043547,62.300,0.009790,41.5267000
2016-03-31,043547,63.000,0.083886,45.0102000
2016-04-29,043547,64.400,0.022662,46.0302000
2016-05-31,043547,64.100,-0.005370,45.7830000
2016-06-30,043547,74.400,0.029098,46.4710000
2016-07-29,043547,81.200,0.027544,47.7510000
2016-08-31,043547,84.400,-0.017995,46.8917000
2016-09-30,043547,85.900,0.017500,47.7123000
2016-10-31,043547,92.700,-0.028800,46.3382000
2016-11-30,043547,84.500,-0.040791,44.4480000
2016-12-30,043547,94.300,0.027314,44.8884000
2017-01-31,043547,100.100,0.013378,45.4889000
2017-02-28,043547,112.400,0.029875,46.8479000
2017-03-31,043547,125.900,0.033479,48.4163000
2017-04-28,043547,137.800,0.016641,49.2220000
2017-05-31,043547,143.500,0.041323,51.2560000
2017-06-30,043547,161.000,-0.002097,50.3060000
2017-07-31,043547,171.500,0.032817,51.9569000
2017-08-31,043547,174.200,0.016148,52.7959000
2017-09-29,043547,181.400,-0.018329,51.8282000
2017-10-31,043547,183.000,0.008887,52.2888000
2017-11-30,043547,186.200,0.017554,53.2067000
2017-12-29,043547,176.100,-0.009722,51.7970000
2018-01-31,043547,204.300,0.011333,52.3840000
2018-02-28,043547,195.600,-0.066599,48.8953000
2018-03-29,043547,215.200,0.000389,48.9143000
2018-04-30,043547,225.500,0.024310,50.1034000
2018-05-31,043547,221.200,-0.018957,49.1536000
2018-06-29,043547,222.000,0.018164,49.3415000
2018-07-31,043547,225.900,0.017533,50.2066000
2018-08-31,043547,245.000,-0.024043,48.9995000
2018-09-28,043547,252.200,-0.010153,48.5020000
2018-10-31,043547,251.500,-0.039722,46.5754000
2018-11-30,043547,279.900,0.018604,47.4419000
2018-12-31,043547,275.300,-0.031815,45.1315000
2019-01-31,043547,299.200,0.086729,49.0457000
2019-02-28,043547,306.300,0.023660,50.2061000
2019-03-29,043547,318.800,0.024073,51.4147000
2019-04-30,043547,322.500,0.011573,52.0097000
2019-05-31,043547,320.400,-0.014326,51.2646000
2019-06-28,043547,339.600,0.052999,53.0681000
2019-07-31,043547,332.800,-0.020180,51.9972000
2019-08-30,043547,386.300,0.004019,52.2062000
2019-09-30,043547,399.900,0.021220,53.3140000
2019-10-31,043547,411.200,0.014799,54.1030000
2019-11-29,043547,402.500,-0.008105,53.6645000
2019-12-31,043547,422.800,0.041675,54.9066000
2020-01-31,043547,435.000,0.015683,55.7677000
2020-02-28,043547,401.300,-0.094935,50.4734000
2020-03-31,043547,301.500,-0.229111,38.9094000
2020-04-30,043547,329.700,0.093497,42.5473000
2020-05-29,043547,340.300,0.052377,44.7758000
2020-06-30,043547,355.800,-0.013221,43.6515000
2020-07-31,043547,346.100,0.029626,44.9447000
2020-08-31,043547,351.700,0.016333,45.6788000
2020-09-30,043547,341.000,-0.030395,44.2904000
2020-10-30,043547,332.900,-0.011102,43.7987000
2020-11-30,043547,365.700,0.128230,49.4150000
2020-12-31,043547,368.100,0.029372,50.0816000
2021-01-29,043547,352.900,-0.021393,49.0102000
2021-02-26,043547,380.100,0.007337,49.3698000
2021-03-31,043547,419.800,0.043356,51.5103000
2021-04-30,043547,423.800,0.034906,53.3083000
2021-05-28,043547,426.000,0.005252,53.5883000
2021-06-30,043547,422.500,-0.018223,52.1633000
2021-07-30,043547,431.700,0.009357,52.6514000
2021-08-31,043547,444.800,0.017760,53.5865000
2021-09-30,043547,457.300,-0.013369,52.8701000
2021-10-29,043547,454.400,0.035578,54.7511000
2021-11-30,043547,432.700,-0.053526,51.8205000
2021-12-31,043547,464.700,0.065268,54.3509000
2022-01-31,043547,459.800,-0.010469,53.7819000
2022-02-28,043547,471.100,0.024525,55.1009000
2022-03-31,043547,521.800,0.058166,58.3059000
2022-04-29,043547,501.700,-0.033194,56.3705000
2022-05-31,043547,540.200,0.035983,58.3989000
2022-06-30,043547,505.300,-0.077630,53.1946000
2022-07-29,043547,566.700,0.039273,55.2837000
2022-08-31,043547,549.900,-0.015084,54.4498000
2022-09-30,043547,489.700,-0.118237,48.0118000
2022-10-31,043547,529.200,0.049823,50.4039000
2022-11-30,043547,585.300,0.080149,54.4437000
2022-12-30,043547,560.000,-0.022497,52.3380000
2023-01-31,043547,582.400,0.049805,54.9447000
2023-02-28,043547,557.600,-0.033465,53.1060000
2023-03-31,043547,570.600,0.023342,54.3456000
2023-04-28,043547,599.300,0.025895,55.7529000
2023-05-31,043547,565.800,-0.055990,52.6313000
2023-06-30,043547,461.600,0.029079,53.3627000
2023-07-31,043547,470.800,0.019853,54.4221000
2023-08-31,043547,448.800,-0.046676,51.8819000
2023-09-29,043547,417.800,-0.046930,49.4471000
2023-10-31,043547,388.300,-0.030449,47.9415000
2023-11-30,043547,425.700,0.096338,52.5601000
2023-12-29,043547,414.800,0.041428,53.5256000
2024-01-31,043547,386.100,-0.031807,51.8231000
2024-02-29,043547,386.100,-0.000029,51.8216000
2024-03-28,043547,403.500,0.045232,54.1656000
2024-04-30,043547,401.200,-0.005830,53.8498000
2024-05-31,043547,426.000,0.061928,57.1846000
2024-06-28,043547,401.600,-0.029753,54.6358000
2024-07-31,043547,419.000,0.043402,57.0071000
2024-08-30,043547,444.400,0.046324,59.6479000
2024-09-30,043547,461.100,0.037589,61.8900000
2024-10-31,043547,458.000,-0.013243,61.0704000
2024-11-29,043547,514.400,0.033583,63.1213000
2024-12-31,043547,482.600,-0.045232,59.2089000
2025-01-31,043547,487.400,0.022535,60.5432000
2025-02-28,043547,488.100,0.001485,60.6331000
2025-03-31,043547,498.100,0.020545,61.8788000
2025-04-30,043547,516.300,0.036479,64.1361000
2025-05-30,043547,548.500,0.042951,66.8908000
2025-06-30,043547,550.600,0.018598,67.1516000
2025-07-31,043547,574.700,0.001039,67.2214000
2025-08-29,043547,592.900,0.019653,68.5425000
2025-09-30,043547,622.500,0.014741,69.5529000
2025-10-31,043547,627.500,-0.003068,69.3395000
2025-11-28,043547,662.300,0.032662,71.6043000
2025-12-31,043547,680.800,-0.007446,69.8228000
2026-01-30,043547,718.500,0.050037,73.3165000
2026-02-27,043547,819.100,0.074279,78.7624000
2026-03-31,043547,895.100,-0.040981,75.5346000
2026-04-30,043547,989.200,0.027128,77.5837000
2026-05-29,043547,964.800,-0.024651,75.6712000
2026-06-30,043547,962.000,0.011682,75.7496000
2007-04-30,043606,0.100,,
2007-05-31,043606,2.100,R,21.0040000
2007-06-29,043606,5.400,0.036469,21.7700000
2007-07-31,043606,7.400,-0.030317,21.1100000
2007-08-31,043606,9.900,0.042160,22.0000000
2007-09-28,043606,10.100,0.018182,22.4000000
2007-10-31,043606,10.500,0.040179,23.3000000
2007-11-30,043606,12.200,-0.048069,22.1800000
2007-12-31,043606,12.300,0.009017,22.3800000
2008-01-31,043606,11.200,-0.090706,20.3500000
2008-02-29,043606,13.600,0.030467,20.9700000
2008-03-31,043606,15.600,-0.010491,20.7500000
2008-04-30,043606,21.200,0.075663,22.3200000
2008-05-30,043606,33.400,0.068548,23.8500000
2008-06-30,043606,42.700,-0.080120,21.9100000
2008-07-31,043606,42.000,0.036057,22.7000000
2008-08-29,043606,56.800,0.021586,23.1900000
2008-09-30,043606,50.900,-0.139715,19.9500000
2008-10-31,043606,39.900,-0.216040,15.6400000
2008-11-28,043606,31.000,-0.056266,14.7600000
2008-12-31,043606,32.200,0.069405,15.6900000
2009-01-30,043606,29.900,-0.092416,14.2400000
2009-02-27,043606,25.500,-0.103933,12.7600000
2009-03-31,043606,26.000,0.070533,13.6600000
2009-04-30,043606,30.600,0.148609,15.6900000
2009-05-29,043606,32.200,0.001275,15.7100000
2009-06-30,043606,32.900,0.031017,16.0700000
2009-07-31,043606,35.100,0.064717,17.1100000
2009-08-31,043606,35.900,0.022794,17.5000000
2009-09-30,043606,38.300,0.042857,18.2500000
2009-10-30,043606,36.300,-0.052504,17.2918000
2009-11-30,043606,35.500,0.027776,17.7721000
2009-12-31,043606,37.300,0.053937,18.6568000
2010-01-29,043606,36.900,-0.059088,17.5544000
2010-02-26,043606,39.700,0.053143,18.4873000
2010-03-31,043606,42.800,0.076371,19.8992000
2010-04-30,043606,46.100,0.028820,20.4727000
2010-05-28,043606,41.000,-0.090501,18.6199000
2010-06-30,043606,38.500,-0.054333,17.5177000
2010-07-30,043606,41.000,0.064363,18.6452000
2010-08-31,043606,,-0.081211,17.1310000
2010-09-30,043606,,0.116642,19.1292000
2010-10-29,043606,44.100,0.047247,20.0330000
2010-11-30,043606,45.100,0.022218,20.4781000
2010-12-31,043606,53.100,0.082895,22.1287000
2011-01-31,043606,54.300,0.001491,22.1617000
2011-02-28,043606,62.200,0.019922,22.6032000
2011-03-31,043606,68.300,0.042167,23.5563000
2011-04-29,043606,73.800,0.011228,23.8208000
2011-05-31,043606,71.600,-0.014916,23.4655000
2011-06-30,043606,69.100,-0.012574,23.0420000
2011-07-29,043606,65.800,-0.047999,21.9360000
2011-08-31,043606,55.700,-0.059897,20.6221000
2011-09-30,043606,50.300,-0.095737,18.6478000
2011-10-31,043606,56.100,0.114609,20.7850000
2011-11-30,043606,59.400,0.020395,21.2089000
2011-12-30,043606,58.000,-0.020561,20.7087000
2012-01-31,043606,63.600,0.078098,22.3260000
2012-02-29,043606,66.400,0.043631,23.3001000
2012-03-30,043606,68.200,0.026991,23.9290000
2012-04-30,043606,67.200,-0.014978,23.5706000
2012-05-31,043606,62.400,-0.071186,21.8927000
2012-06-29,043606,62.100,0.039990,22.5888000
2012-07-31,043606,62.800,0.010926,22.8356000
2012-08-31,043606,64.100,0.021269,23.3213000
2012-09-28,043606,68.300,0.047142,24.3941000
2012-10-31,043606,68.200,-0.000791,24.3748000
2012-11-30,043606,70.300,0.030289,25.1131000
2012-12-31,043606,72.800,0.036771,25.9886000
2013-01-31,043606,86.600,0.058010,27.4962000
2013-02-28,043606,98.300,0.021039,28.0747000
2013-03-28,043606,109.200,0.023972,28.7477000
2013-04-30,043606,109.500,-0.035700,27.7214000
2013-05-31,043606,126.400,0.036502,28.7333000
2013-06-28,043606,124.700,-0.031948,27.7050000
2013-07-31,043606,132.200,0.060202,29.3729000
2013-08-30,043606,124.500,-0.025292,28.6300000
2013-09-30,043606,138.300,0.099130,31.4272000
2013-10-31,043606,176.600,0.031266,32.4098000
2013-11-29,043606,186.700,0.010444,32.7483000
2013-12-31,043606,197.600,0.032832,33.7846000
2014-01-31,043606,180.800,-0.044529,32.2802000
2014-02-28,043606,193.400,0.060325,34.2275000
2014-03-31,043606,197.800,0.006179,34.4016000
2014-04-30,043606,197.100,-0.029109,33.4002000
2014-05-30,043606,200.200,0.007443,33.6488000
2014-06-30,043606,209.300,0.031285,34.5964000
2014-07-31,043606,187.300,-0.074753,32.0102000
2014-08-29,043606,197.500,0.054548,33.7563000
2014-09-30,043606,183.800,-0.059677,31.6882000
2014-10-31,043606,195.500,0.063743,33.7081000
2014-11-28,043606,196.900,-0.001759,33.6488000
2014-12-31,043606,198.600,0.001737,33.6520000
2015-01-30,043606,185.800,-0.072302,31.2189000
2015-02-27,043606,197.800,0.047129,32.6902000
2015-03-31,043606,191.200,-0.031901,31.6000000
2015-04-30,043606,192.300,0.005611,31.7773000
2015-05-29,043606,191.700,0.005218,31.9431000
2015-06-30,043606,187.800,-0.017847,31.3082000
2015-07-31,043606,127.100,-0.033681,30.2537000
2015-08-31,043606,115.400,-0.046570,28.8448000
2015-09-30,043606,103.500,-0.041075,27.6042000
2015-10-30,043606,108.800,0.094696,30.2182000
2015-11-30,043606,111.100,0.035674,31.2962000
2015-12-31,043606,102.400,-0.035552,30.1250000
2016-01-29,043606,98.000,-0.028800,29.2574000
2016-02-29,043606,98.700,0.037850,30.3648000
2016-03-31,043606,105.800,0.090247,33.0642000
2016-04-29,043606,133.700,0.064199,35.1869000
2016-05-31,043606,141.900,-0.004385,35.0326000
2016-06-30,043606,126.900,0.008173,35.2522000
2016-07-29,043606,139.400,0.040871,36.6930000
2016-08-31,043606,148.700,0.013373,37.1837000
2016-09-30,043606,152.500,0.013939,37.6516000
2016-10-31,043606,158.800,-0.030259,36.5123000
2016-11-30,043606,219.800,0.094322,39.9562000
2016-12-30,043606,221.800,-0.007661,39.6043000
2017-01-31,043606,244.800,0.029994,40.7922000
2017-02-28,043606,252.900,0.016371,41.4600000
2017-03-31,043606,225.000,0.011976,41.6575000
2017-04-28,043606,235.800,0.019867,42.4851000
2017-05-31,043606,236.800,-0.004618,42.2889000
2017-06-30,043606,241.900,0.015135,42.8148000
2017-07-31,043606,250.000,0.015492,43.4781000
2017-08-31,043606,246.600,-0.013634,42.8853000
2017-09-29,043606,258.400,0.058380,45.3288000
2017-10-31,043606,276.700,0.025745,46.4958000
2017-11-30,043606,297.400,0.057515,49.1700000
2017-12-29,043606,298.800,-0.010240,48.5798000
2018-01-31,043606,303.300,0.007139,48.9266000
2018-02-28,043606,290.100,-0.043580,46.7944000
2018-03-29,043606,306.700,0.017439,47.5487000
2018-04-30,043606,299.700,-0.007552,47.1896000
2018-05-31,043606,317.000,0.017623,48.0212000
2018-06-29,043606,317.100,0.002089,48.0370000
2018-07-31,043606,337.200,0.047634,50.3252000
2018-08-31,043606,349.300,0.013226,50.9908000
2018-09-28,043606,355.800,-0.002024,50.8242000
2018-10-31,043606,319.600,-0.101684,45.6562000
2018-11-30,043606,319.800,0.053141,48.0824000
2018-12-31,043606,290.100,-0.083659,43.9543000
2019-01-31,043606,313.500,0.097101,48.2223000
2019-02-28,043606,336.300,0.056565,50.9500000
2019-03-29,043606,344.500,0.003381,51.0351000
2019-04-30,043606,352.600,0.031231,52.6290000
2019-05-31,043606,337.100,-0.051240,49.9323000
2019-06-28,043606,388.600,0.098744,54.7274000
2019-07-31,043606,415.000,0.004475,54.9723000
2019-08-30,043606,425.800,-0.000553,54.9419000
2019-09-30,043606,468.600,0.022368,56.1198000
2019-10-31,043606,494.200,0.024015,57.4675000
2019-11-29,043606,505.300,0.010743,58.0849000
2019-12-31,043606,536.200,0.032428,59.9052000
2020-01-31,043606,562.300,0.009373,60.4667000
2020-02-28,043606,528.400,-0.080127,55.6217000
2020-03-31,043606,442.400,-0.138853,47.8272000
2020-04-30,043606,481.000,0.099098,52.5668000
2020-05-29,043606,499.800,0.056471,55.5353000
2020-06-30,043606,490.100,0.004880,55.6908000
2020-07-31,043606,518.300,0.057507,58.8934000
2020-08-31,043606,527.500,0.023663,60.2870000
2020-09-30,043606,531.500,0.003490,60.3988000
2020-10-30,043606,551.000,0.030769,62.2572000
2020-11-30,043606,640.800,0.112803,69.2800000
2020-12-31,043606,688.800,0.042784,72.1200000
2021-01-29,043606,725.200,-0.009290,71.4500000
2021-02-26,043606,768.100,0.059202,75.6800000
2021-03-31,043606,823.700,0.032391,78.0700000
2021-04-30,043606,934.400,0.049955,81.9700000
2021-05-28,043606,996.300,0.012810,83.0200000
2021-06-30,043606,1039.200,0.006622,83.4700000
2021-07-30,043606,1141.900,0.048281,87.5000000
2021-08-31,043606,1296.400,0.036000,90.6500000
2021-09-30,043606,1288.900,-0.060567,85.0800000
2021-10-29,043606,1432.600,0.062294,90.3800000
2021-11-30,043606,1462.000,-0.007634,89.6900000
2021-12-31,043606,1605.700,0.057473,94.7300000
2022-01-31,043606,1411.800,-0.123403,83.0400000
2022-02-28,043606,1321.500,-0.026734,80.8200000
2022-03-31,043606,1372.800,0.043153,84.2200000
2022-04-29,043606,1247.900,-0.088221,76.7900000
2022-05-31,043606,1206.100,0.000391,76.8200000
2022-06-30,043606,1109.000,-0.060289,72.0100000
2022-07-29,043606,1259.500,0.128454,81.2600000
2022-08-31,043606,1225.600,-0.036303,78.3100000
2022-09-30,043606,1143.500,-0.083223,71.6900000
2022-10-31,043606,1267.300,0.111871,79.7100000
2022-11-30,043606,1314.300,0.046920,83.4500000
2022-12-30,043606,1249.700,-0.047233,79.3500000
2023-01-31,043606,1316.000,0.069943,84.9000000
2023-02-28,043606,1294.200,-0.019670,83.2300000
2023-03-31,043606,1295.900,0.005609,83.6100000
2023-04-28,043606,1284.100,-0.018658,82.0500000
2023-05-31,043606,1292.500,-0.006094,81.5500000
2023-06-30,043606,1411.800,0.088035,88.5100000
2023-07-31,043606,1465.200,0.031409,91.2900000
2023-08-31,043606,1443.500,-0.020922,89.3800000
2023-09-29,043606,1339.600,-0.073245,82.6900000
2023-10-31,043606,1264.600,-0.050187,78.5400000
2023-11-30,043606,1412.700,0.120703,88.0200000
2023-12-29,043606,1517.200,0.079684,94.8300000
2024-01-31,043606,1468.100,-0.032374,91.7600000
2024-02-29,043606,1568.000,0.068003,98.0000000
2024-03-28,043606,1644.000,0.042755,102.1100000
2024-04-30,043606,1604.000,-0.030359,99.0100000
2024-05-31,043606,1706.000,0.037976,102.7700000
2024-06-28,043606,1667.600,-0.026417,99.8500000
2024-07-31,043606,1815.800,0.072909,107.1300000
2024-08-30,043606,1840.400,0.004574,107.6200000
2024-09-30,043606,1879.300,0.016672,109.2600000
2024-10-31,043606,1824.700,-0.040179,104.8700000
2024-11-29,043606,1918.600,0.051397,110.2600000
2024-12-31,043606,1775.800,-0.072127,102.0500000
2025-01-31,043606,1821.800,0.034885,105.6100000
2025-02-28,043606,1790.100,-0.014582,104.0700000
2025-03-31,043606,1721.800,-0.031352,100.6900000
2025-04-30,043606,1711.400,0.005760,101.2700000
2025-05-30,043606,1817.400,0.043349,105.6600000
2025-06-30,043606,1859.100,0.025190,108.0900000
2025-07-31,043606,1862.500,0.004718,108.6000000
2025-08-29,043606,1939.500,0.047422,113.7500000
2025-09-30,043606,1937.400,-0.011117,112.3100000
2025-10-31,043606,1935.700,-0.009527,111.2400000
2025-11-28,043606,1948.200,0.006545,111.9681000
2025-12-31,043606,1895.800,-0.027737,108.6389000
2026-01-30,043606,1951.000,0.038038,112.7713000
2026-02-27,043606,1977.300,0.010573,113.9636000
2026-03-31,043606,1779.200,-0.093262,103.1433000
2026-04-30,043606,1832.600,0.039019,107.1678000
2026-05-29,043606,1763.300,-0.032127,103.7248000
2026-06-30,043606,1856.100,0.057558,109.5060000
2007-04-30,043608,0.100,,
2007-05-31,043608,66.100,R,25.4400000
2007-06-29,043608,182.900,-0.001572,25.4000000
2007-07-31,043608,246.800,-0.028228,24.6830000
2007-08-31,043608,253.500,0.007049,24.8570000
2007-09-28,043608,284.100,0.039104,25.8290000
2007-10-31,043608,315.700,0.018390,26.3040000
2007-11-30,043608,330.300,-0.034139,25.4060000
2007-12-31,043608,363.100,0.010631,25.5680000
2008-01-31,043608,344.300,-0.090152,23.2630000
2008-02-29,043608,355.800,0.033358,24.0390000
2008-03-31,043608,347.400,-0.023628,23.4710000
2008-04-30,043608,371.600,0.041617,24.4478000
2008-05-30,043608,385.000,0.049845,25.6664000
2008-06-30,043608,357.300,-0.081718,23.5690000
2008-07-31,043608,347.900,-0.016042,23.1909000
2008-08-29,043608,348.400,0.001401,23.2234000
2008-09-30,043608,230.100,-0.143002,19.9024000
2008-10-31,043608,163.000,-0.197052,15.9806000
2008-11-28,043608,143.300,-0.084734,14.6265000
2008-12-31,043608,135.400,0.057284,14.1647000
2009-01-30,043608,122.500,-0.095576,12.8109000
2009-02-27,043608,113.100,-0.084202,11.7322000
2009-03-31,043608,112.500,0.028835,12.0705000
2009-04-30,043608,128.900,0.145586,13.8278000
2009-05-29,043608,140.600,0.090918,15.0850000
2009-06-30,043608,152.400,0.031090,15.5540000
2009-07-31,043608,164.700,0.046072,16.2706000
2009-08-31,043608,177.600,0.037516,16.8810000
2009-09-30,043608,199.500,0.051200,17.7453000
2009-10-30,043608,204.800,-0.028582,17.2381000
2009-11-30,043608,213.900,0.044721,18.0090000
2009-12-31,043608,259.900,0.033402,18.4100000
2010-01-29,043608,244.200,-0.038854,17.6947000
2010-02-26,043608,237.600,-0.004024,17.6235000
2010-03-31,043608,246.000,0.048095,18.4711000
2010-04-30,043608,247.600,0.006437,18.5900000
2010-05-28,043608,214.500,-0.095750,16.8100000
2010-06-30,043608,194.400,-0.006544,16.7000000
2010-07-30,043608,206.400,0.084431,18.1100000
2010-08-31,043608,,-0.055218,17.1100000
2010-09-30,043608,200.800,0.090561,18.6595000
2010-10-29,043608,201.100,0.046663,19.5302000
2010-11-30,043608,201.100,-0.002811,19.4753000
2010-12-31,043608,220.000,0.087365,20.7562000
2011-01-31,043608,218.700,-0.020943,20.3215000
2011-02-28,043608,234.600,0.019974,20.7274000
2011-03-31,043608,240.000,0.022926,21.2026000
2011-04-29,043608,251.900,0.049607,22.2544000
2011-05-31,043608,249.700,-0.008996,22.0542000
2011-06-30,043608,250.600,-0.016967,21.6800000
2011-07-29,043608,242.100,-0.020641,21.2325000
2011-08-31,043608,214.200,-0.055448,20.0552000
2011-09-30,043608,193.100,-0.077800,18.4949000
2011-10-31,043608,201.200,0.075199,19.8857000
2011-11-30,043608,196.200,-0.017485,19.5380000
2011-12-30,043608,179.800,-0.016492,18.8033000
2012-01-31,043608,189.800,0.055719,19.8510000
2012-02-29,043608,193.100,0.043852,20.7215000
2012-03-30,043608,195.000,0.018551,21.1059000
2012-04-30,043608,195.000,0.008680,21.2891000
2012-05-31,043608,177.700,-0.072694,19.7415000
2012-06-29,043608,193.800,0.035372,20.4398000
2012-07-31,043608,197.100,0.017407,20.7956000
2012-08-31,043608,199.500,0.012200,21.0493000
2012-09-28,043608,206.200,0.033441,21.7532000
2012-10-31,043608,198.700,-0.019965,21.3189000
2012-11-30,043608,204.600,0.029926,21.9569000
2012-12-31,043608,206.400,0.029316,22.1496000
2013-01-31,043608,215.800,0.045558,23.1587000
2013-02-28,043608,223.800,0.019392,23.6078000
2013-03-28,043608,230.200,0.011526,23.8799000
2013-04-30,043608,239.100,0.013300,24.1975000
2013-05-31,043608,248.600,0.007245,24.3728000
2013-06-28,043608,241.200,-0.044927,23.2778000
2013-07-31,043608,259.200,0.050602,24.4557000
2013-08-30,043608,253.400,-0.022612,23.9027000
2013-09-30,043608,272.200,0.074356,25.6800000
2013-10-31,043608,282.000,0.036086,26.6067000
2013-11-29,043608,303.900,0.016199,27.0377000
2013-12-31,043608,311.600,0.033956,27.5289000
2014-01-31,043608,308.100,-0.025235,26.8342000
2014-02-28,043608,322.900,0.078106,28.9301000
2014-03-31,043608,325.300,0.000335,28.9398000
2014-04-30,043608,333.200,-0.003894,28.8271000
2014-05-30,043608,349.900,0.021573,29.4490000
2014-06-30,043608,371.900,0.021661,30.0869000
2014-07-31,043608,356.600,-0.053352,28.4817000
2014-08-29,043608,367.900,0.018735,29.0153000
2014-09-30,043608,350.000,-0.048640,27.6040000
2014-10-31,043608,344.400,0.022511,28.2254000
2014-11-28,043608,351.800,0.015061,28.6505000
2014-12-31,043608,338.300,-0.001959,28.1011000
2015-01-30,043608,333.800,-0.013423,27.7239000
2015-02-27,043608,348.600,0.024084,28.3916000
2015-03-31,043608,350.400,-0.007879,28.1679000
2015-04-30,043608,373.000,0.037855,29.2342000
2015-05-29,043608,376.400,0.002699,29.3131000
2015-06-30,043608,366.000,-0.027575,28.5048000
2015-07-31,043608,369.000,-0.004168,28.3860000
2015-08-31,043608,346.700,-0.060452,26.6700000
2015-09-30,043608,343.000,-0.010634,26.3864000
2015-10-30,043608,366.300,0.074489,28.3519000
2015-11-30,043608,370.500,0.011347,28.6736000
2015-12-31,043608,350.600,-0.037884,27.1373000
2016-01-29,043608,343.800,-0.025577,26.4432000
2016-02-29,043608,337.000,-0.007352,26.2488000
2016-03-31,043608,361.800,0.073356,28.1743000
2016-04-29,043608,380.600,0.039217,29.2792000
2016-05-31,043608,387.900,0.006701,29.4754000
2016-06-30,043608,405.000,0.013343,29.8687000
2016-07-29,043608,418.700,0.015722,30.3383000
2016-08-31,043608,432.200,-0.002278,30.2692000
2016-09-30,043608,447.200,0.017404,30.7960000
2016-10-31,043608,432.200,-0.049247,29.2794000
2016-11-30,043608,431.400,-0.012449,28.9149000
2016-12-30,043608,436.200,0.001114,28.4757000
2017-01-31,043608,473.600,0.036961,29.5282000
2017-02-28,043608,482.800,0.019348,30.0995000
2017-03-31,043608,497.200,0.029868,30.9985000
2017-04-28,043608,526.200,0.032595,32.0089000
2017-05-31,043608,571.800,0.021956,32.7117000
2017-06-30,043608,570.300,-0.007218,32.4756000
2017-07-31,043608,591.100,0.027248,33.3605000
2017-08-31,043608,610.300,0.000692,33.3836000
2017-09-29,043608,633.300,0.028844,34.3465000
2017-10-31,043608,651.100,0.023572,35.1561000
2017-11-30,043608,618.000,0.029258,36.1847000
2017-12-29,043608,614.500,-0.002556,35.4780000
2018-01-31,043608,650.400,0.007348,35.7387000
2018-02-28,043608,613.000,-0.057613,33.6797000
2018-03-29,043608,604.600,0.008447,33.9642000
2018-04-30,043608,595.700,0.003448,34.0813000
2018-05-31,043608,596.300,0.000924,34.1128000
2018-06-29,043608,578.800,-0.015888,33.5708000
2018-07-31,043608,599.100,0.049808,35.2429000
2018-08-31,043608,594.100,0.000987,35.2777000
2018-09-28,043608,582.800,-0.009488,34.9430000
2018-10-31,043608,531.300,-0.075137,32.3175000
2018-11-30,043608,552.100,0.039131,33.5821000
2018-12-31,043608,513.400,-0.049438,31.2267000
2019-01-31,043608,555.500,0.076835,33.6260000
2019-02-28,043608,596.200,0.042946,35.0701000
2019-03-29,043608,601.900,0.009587,35.4063000
2019-04-30,043608,621.000,0.026860,36.3573000
2019-05-31,043608,597.000,-0.038578,34.9547000
2019-06-28,043608,649.000,0.072073,37.4740000
2019-07-31,043608,645.400,-0.010122,37.0947000
2019-08-30,043608,651.100,0.004114,37.2473000
2019-09-30,043608,670.900,0.025690,38.2042000
2019-10-31,043608,741.900,0.035172,39.5479000
2019-11-29,043608,735.600,0.008696,39.8918000
2019-12-31,043608,720.900,0.044439,41.0543000
2020-01-31,043608,737.100,0.017806,41.7853000
2020-02-28,043608,683.600,-0.080957,38.4025000
2020-03-31,043608,567.600,-0.134692,33.2300000
2020-04-30,043608,609.500,0.073948,35.6873000
2020-05-29,043608,634.200,0.040390,37.1287000
2020-06-30,043608,639.200,0.007937,37.4234000
2020-07-31,043608,680.600,0.064711,39.8451000
2020-08-31,043608,700.500,0.029334,41.0139000
2020-09-30,043608,705.900,0.007619,41.3264000
2020-10-30,043608,710.900,0.002396,41.4254000
2020-11-30,043608,783.900,0.092494,45.2570000
2020-12-31,043608,826.400,0.050133,46.8486000
2021-01-29,043608,835.800,0.002250,46.9540000
2021-02-26,043608,844.200,0.005516,47.2130000
2021-03-31,043608,862.000,0.039773,49.0908000
2021-04-30,043608,909.100,0.059465,52.0100000
2021-05-28,043608,944.300,0.029250,53.5313000
2021-06-30,043608,964.500,-0.001248,53.4645000
2021-07-30,043608,1070.000,0.066848,57.0385000
2021-08-31,043608,1170.400,0.040504,59.3488000
2021-09-30,043608,1124.200,-0.062274,55.6529000
2021-10-29,043608,1199.300,0.058468,58.9068000
2021-11-30,043608,1212.400,-0.012413,58.1756000
2021-12-31,043608,1266.000,0.057694,60.5200000
2022-01-31,043608,1140.000,-0.109767,53.8769000
2022-02-28,043608,1097.700,-0.037164,51.8746000
2022-03-31,043608,1098.000,0.011759,52.4846000
2022-04-29,043608,1001.800,-0.080586,48.2551000
2022-05-31,043608,981.100,-0.005355,47.9967000
2022-06-30,043608,903.900,-0.082268,44.0481000
2022-07-29,043608,992.900,0.107165,48.7685000
2022-08-31,043608,940.700,-0.056346,46.0206000
2022-09-30,043608,837.400,-0.109733,40.9706000
2022-10-31,043608,933.000,0.114101,45.6454000
2022-11-30,043608,997.500,0.073355,48.9937000
2022-12-30,043608,950.900,-0.032831,46.7055000
2023-01-31,043608,1029.600,0.078550,50.3742000
2023-02-28,043608,964.500,-0.029031,48.9118000
2023-03-31,043608,979.100,0.019208,49.8513000
2023-04-28,043608,976.100,-0.003007,49.7014000
2023-05-31,043608,938.600,-0.026561,48.3813000
2023-06-30,043608,993.000,0.062317,51.3963000
2023-07-31,043608,1013.800,0.029533,52.9142000
2023-08-31,043608,956.800,-0.048307,50.3581000
2023-09-29,043608,880.900,-0.075410,46.5606000
2023-10-31,043608,840.100,-0.025771,45.3607000
2023-11-30,043608,922.300,0.117231,50.6784000
2023-12-29,043608,957.300,0.063572,53.0600000
2024-01-31,043608,933.800,-0.037316,51.0800000
2024-02-29,043608,957.800,0.044049,53.3300000
2024-03-28,043608,984.600,0.041815,55.5600000
2024-04-30,043608,960.600,-0.010799,54.9600000
2024-05-31,043608,990.600,0.045488,57.4600000
2024-06-28,043608,951.300,-0.035155,55.4400000
2024-07-31,043608,1007.700,0.074315,59.5600000
2024-08-30,043608,1009.600,0.006548,59.9500000
2024-09-30,043608,1032.700,0.023019,61.3300000
2024-10-31,043608,959.800,-0.057231,57.8200000
2024-11-29,043608,888.900,0.033379,59.7500000
2024-12-31,043608,887.900,-0.071184,54.2700000
2025-01-31,043608,904.200,0.018426,55.2700000
2025-02-28,043608,897.100,0.006875,55.6500000
2025-03-31,043608,886.100,0.002695,55.8000000
2025-04-30,043608,934.800,0.054839,58.8600000
2025-05-30,043608,957.600,0.034998,60.9200000
2025-06-30,043608,986.500,0.024787,62.4300000
2025-07-31,043608,982.200,-0.004325,62.1600000
2025-08-29,043608,1014.200,0.032658,64.1900000
2025-09-30,043608,1017.700,0.003427,64.4100000
2025-10-31,043608,984.500,-0.012576,63.6000000
2025-11-28,043608,1004.000,0.014623,64.5300000
2025-12-31,043608,978.500,-0.010095,62.8900000
2026-01-30,043608,1037.300,0.043886,65.6500000
2026-02-27,043608,1093.800,0.043869,68.5300000
2026-03-31,043608,1016.000,-0.071064,63.6600000
2026-04-30,043608,1035.800,0.019478,64.9000000
2026-05-29,043608,996.300,-0.038213,62.4200000
2026-06-30,043608,1051.600,0.050304,65.5600000
2007-05-31,043617,0.100,,
2007-06-29,043617,27.800,R,25.2600000
2007-07-31,043617,125.300,-0.008314,25.0500000
2007-08-31,043617,146.500,-0.009182,24.8200000
2007-09-28,043617,177.200,0.020145,25.3200000
2007-10-31,043617,241.100,0.058057,26.7900000
2007-11-30,043617,241.300,-0.089959,24.3800000
2007-12-31,043617,263.500,0.000410,24.3900000
2008-01-31,043617,254.000,-0.109881,21.7100000
2008-02-29,043617,301.300,0.035928,22.4900000
2008-03-31,043617,315.500,-0.032459,21.7600000
2008-04-30,043617,335.100,0.026654,22.3400000
2008-05-30,043617,390.700,0.059982,23.6800000
2008-06-30,043617,381.900,-0.083615,21.7000000
2008-07-31,043617,379.200,-0.023963,21.1800000
2008-08-29,043617,367.600,-0.041076,20.3100000
2008-09-30,043617,287.000,-0.187592,16.5000000
2008-10-31,043617,197.500,-0.251842,12.3446000
2008-11-28,043617,183.200,-0.048167,11.7500000
2008-12-31,043617,193.500,0.119561,12.9834000
2009-01-30,043617,166.700,-0.108408,11.5759000
2009-02-27,043617,150.000,-0.087354,10.5647000
2009-03-31,043617,148.600,0.042244,11.0110000
2009-04-30,043617,179.200,0.179293,12.9852000
2009-05-29,043617,206.900,0.122047,14.5700000
2009-06-30,043617,219.100,0.023878,14.9100000
2009-07-31,043617,241.400,0.058350,15.7800000
2009-08-31,043617,263.900,0.061831,16.7557000
2009-09-30,043617,279.200,0.043978,17.4480000
2009-10-30,043617,280.400,-0.017005,17.1513000
2009-11-30,043617,307.200,0.035490,17.7600000
2009-12-31,043617,324.500,0.033934,18.1800000
2010-01-29,043617,337.100,-0.048982,17.2895000
2010-02-26,043617,318.200,0.005813,17.3900000
2010-03-31,043617,331.500,0.038723,18.0634000
2010-04-30,043617,337.700,0.021956,18.4600000
2010-05-28,043617,303.100,-0.102925,16.5600000
2010-06-30,043617,291.000,-0.021140,16.1651000
2010-07-30,043617,312.800,0.078249,17.4300000
2010-08-31,043617,292.400,-0.057608,16.4259000
2010-09-30,043617,311.800,0.098644,18.0225000
2010-10-29,043617,322.200,0.036482,18.6800000
2010-11-30,043617,316.200,-0.018699,18.3307000
2010-12-31,043617,352.700,0.095726,19.9800000
2011-01-31,043617,344.400,-0.009510,19.7900000
2011-02-28,043617,347.200,0.005341,19.8957000
2011-03-31,043617,363.300,0.022925,20.3518000
2011-04-29,043617,381.500,0.044134,21.2500000
2011-05-31,043617,380.200,-0.016941,20.8900000
2011-06-30,043617,367.700,-0.027114,20.2052000
2011-07-29,043617,354.600,-0.030359,19.5918000
2011-08-31,043617,311.100,-0.097582,17.6800000
2011-09-30,043617,265.800,-0.104183,15.7734000
2011-10-31,043617,279.000,0.088301,17.1662000
2011-11-30,043617,256.500,-0.048164,16.3394000
2011-12-30,043617,234.200,-0.033774,15.7143000
2012-01-31,043617,246.900,0.087481,17.0890000
2012-02-29,043617,252.700,0.037586,17.7313000
2012-03-30,043617,251.900,0.022023,18.1218000
2012-04-30,043617,240.100,-0.022172,17.7200000
2012-05-31,043617,214.700,-0.088798,16.1465000
2012-06-29,043617,218.600,0.037151,16.5570000
2012-07-31,043617,211.000,0.011518,16.7477000
2012-08-31,043617,212.500,0.014987,16.9987000
2012-09-28,043617,213.700,0.026713,17.3764000
2012-10-31,043617,206.700,-0.021086,17.0100000
2012-11-30,043617,198.600,0.024221,17.4220000
2012-12-31,043617,196.900,0.040814,18.0700000
2013-01-31,043617,206.300,0.047637,18.9308000
2013-02-28,043617,207.900,0.007380,19.0705000
2013-03-28,043617,209.200,0.006277,19.1902000
2013-04-30,043617,210.400,0.015341,19.4846000
2013-05-31,043617,207.200,0.018471,19.8445000
2013-06-28,043617,194.500,-0.042970,18.8800000
2013-07-31,043617,202.600,0.051838,19.8587000
2013-08-30,043617,201.100,-0.012000,19.6204000
2013-09-30,043617,216.200,0.082303,21.0903000
2013-10-31,043617,227.900,0.038819,21.9090000
2013-11-29,043617,236.800,0.005359,22.0264000
2013-12-31,043617,246.700,0.046082,22.9482000
2014-01-31,043617,247.800,-0.031406,22.2275000
2014-02-28,043617,272.400,0.084692,24.1100000
2014-03-31,043617,278.700,0.004977,24.2300000
2014-04-30,043617,276.100,-0.017755,23.7998000
2014-05-30,043617,285.900,0.022408,24.3331000
2014-06-30,043617,292.600,0.014834,24.4844000
2014-07-31,043617,284.200,-0.044551,23.3936000
2014-08-29,043617,296.700,0.026871,24.0222000
2014-09-30,043617,280.900,-0.051581,22.7500000
2014-10-31,043617,288.400,0.026334,23.3491000
2014-11-28,043617,286.400,0.005581,23.4794000
2014-12-31,043617,275.700,-0.014126,23.0694000
2015-01-30,043617,264.200,-0.025280,22.4862000
2015-02-27,043617,272.000,0.042929,23.4515000
2015-03-31,043617,265.100,-0.012430,23.1600000
2015-04-30,043617,279.600,0.054404,24.4200000
2015-05-29,043617,281.600,0.007072,24.5927000
2015-06-30,043617,276.900,-0.030274,23.6681000
2015-07-31,043617,270.900,-0.021856,23.1508000
2015-08-31,043617,243.500,-0.093120,20.9950000
2015-09-30,043617,229.000,-0.037370,20.1700000
2015-10-30,043617,241.800,0.085017,21.8848000
2015-11-30,043617,236.000,-0.015029,21.5559000
2015-12-31,043617,221.000,-0.020939,20.9866000
2016-01-29,043617,200.900,-0.061358,19.6989000
2016-02-29,043617,188.400,-0.013838,19.4263000
2016-03-31,043617,202.700,0.086748,21.1115000
2016-04-29,043617,206.300,0.033887,21.8269000
2016-05-31,043617,201.600,-0.001274,21.7991000
2016-06-30,043617,199.100,-0.000604,21.6365000
2016-07-29,043617,202.400,0.033531,22.3620000
2016-08-31,043617,200.500,-0.009033,22.1600000
2016-09-30,043617,198.500,0.008758,22.3100000
2016-10-31,043617,188.700,-0.044460,21.3181000
2016-11-30,043617,182.300,-0.028445,20.7117000
2016-12-30,043617,179.600,0.013658,20.8800000
2017-01-31,043617,184.400,0.033046,21.5700000
2017-02-28,043617,182.500,0.019008,21.9800000
2017-03-31,043617,184.000,0.027298,22.5800000
2017-04-28,043617,188.400,0.030292,23.2640000
2017-05-31,043617,194.600,0.045517,24.3229000
2017-06-30,043617,189.000,-0.024031,23.6219000
2017-07-31,043617,191.800,0.015075,23.9780000
2017-08-31,043617,193.100,0.006856,24.1424000
2017-09-29,043617,195.000,0.024314,24.6794000
2017-10-31,043617,200.900,0.023931,25.2700000
2017-11-30,043617,192.700,0.030566,26.0424000
2017-12-29,043617,191.600,0.004610,26.0700000
2018-01-31,043617,197.000,0.028213,26.8055000
2018-02-28,043617,182.500,-0.060693,25.1786000
2018-03-29,043617,185.300,0.014933,25.5546000
2018-04-30,043617,187.200,0.010777,25.8300000
2018-05-31,043617,187.100,-0.007832,25.6277000
2018-06-29,043617,180.400,-0.011935,25.0505000
2018-07-31,043617,183.700,0.032682,25.8692000
2018-08-31,043617,183.300,-0.001910,25.8198000
2018-09-28,043617,181.600,0.000778,25.7616000
2018-10-31,043617,164.900,-0.078862,23.7300000
2018-11-30,043617,171.900,0.042297,24.7337000
2018-12-31,043617,160.000,-0.057753,23.1933000
2019-01-31,043617,170.300,0.088081,25.2362000
2019-02-28,043617,177.100,0.047166,26.4265000
2019-03-29,043617,182.100,0.021074,26.9834000
2019-04-30,043617,186.500,0.023955,27.6298000
2019-05-31,043617,178.000,-0.045440,26.3743000
2019-06-28,043617,191.500,0.068488,27.9511000
2019-07-31,043617,192.000,0.002701,28.0266000
2019-08-30,043617,189.500,-0.012852,27.6664000
2019-09-30,043617,188.600,0.012706,27.9384000
2019-10-31,043617,195.300,0.035850,28.9400000
2019-11-29,043617,194.300,0.025000,29.6635000
2019-12-31,043617,202.500,0.044553,30.9233000
2020-01-31,043617,204.700,0.010798,31.2572000
2020-02-28,043617,188.500,-0.079201,28.7816000
2020-03-31,043617,164.600,-0.146329,24.5599000
2020-04-30,043617,180.300,0.095689,26.9100000
2020-05-29,043617,192.400,0.066890,28.7100000
2020-06-30,043617,191.000,0.006007,28.7145000
2020-07-31,043617,204.000,0.068554,30.6830000
2020-08-31,043617,210.800,0.033145,31.7000000
2020-09-30,043617,211.000,0.002415,31.7300000
2020-10-30,043617,207.300,-0.017696,31.1685000
2020-11-30,043617,226.100,0.090774,33.9978000
2020-12-31,043617,236.100,0.031150,34.9734000
2021-01-29,043617,236.900,-0.004100,34.8300000
2021-02-26,043617,239.500,-0.010623,34.4600000
2021-03-31,043617,252.900,0.048631,36.1300000
2021-04-30,043617,268.600,0.061722,38.3600000
2021-05-28,043617,281.000,0.031627,39.5732000
2021-06-30,043617,290.400,0.002253,39.5144000
2021-07-30,043617,305.800,0.060044,41.8870000
2021-08-31,043617,326.900,0.026856,43.0119000
2021-09-30,043617,305.400,-0.073637,39.6642000
2021-10-29,043617,323.000,0.050847,41.6810000
2021-11-30,043617,341.600,-0.018478,40.9108000
2021-12-31,043617,362.900,0.066787,43.4600000
2022-01-31,043617,321.700,-0.113560,38.5247000
2022-02-28,043617,304.200,-0.042959,36.8697000
2022-03-31,043617,301.900,-0.006787,36.5926000
2022-04-29,043617,282.500,-0.064111,34.2466000
2022-05-31,043617,280.000,-0.009116,33.9344000
2022-06-30,043617,255.900,-0.081754,31.0126000
2022-07-29,043617,281.600,0.100765,34.1376000
2022-08-31,043617,262.100,-0.069419,31.7678000
2022-09-30,043617,236.000,-0.096777,28.6090000
2022-10-31,043617,257.300,0.077025,30.8126000
2022-11-30,043617,277.000,0.089554,33.5720000
2022-12-30,043617,267.900,-0.012804,33.0693000
2023-01-31,043617,286.300,0.075593,35.5691000
2023-02-28,043617,278.800,-0.026391,34.6304000
2023-03-31,043617,280.900,0.014520,35.1150000
2023-04-28,043617,308.000,0.001096,35.1535000
2023-05-31,043617,267.700,-0.030045,34.0973000
2023-06-30,043617,279.200,0.055329,35.7880000
2023-07-31,043617,275.600,0.033721,36.9948000
2023-08-31,043617,269.600,-0.021933,36.1834000
2023-09-29,043617,248.800,-0.063455,33.8506000
2023-10-31,043617,234.600,-0.057063,31.9190000
2023-11-30,043617,264.800,0.152047,36.7722000
2023-12-29,043617,281.800,0.081692,39.6900000
2024-01-31,043617,269.800,-0.022172,38.8100000
2024-02-29,043617,286.600,0.062355,41.2300000
2024-03-28,043617,295.700,0.039502,42.8500000
2024-04-30,043617,281.100,-0.049475,40.7300000
2024-05-31,043617,282.000,0.025534,41.7700000
2024-06-28,043617,272.700,-0.027631,40.4000000
2024-07-31,043617,282.500,0.043564,42.1600000
2024-08-30,043617,282.900,0.001423,42.2200000
2024-09-30,043617,286.600,0.021520,43.1000000
2024-10-31,043617,269.700,-0.059165,40.5500000
2024-11-29,043617,288.500,0.028360,41.7000000
2024-12-31,043617,255.100,-0.057562,39.2500000
2025-01-31,043617,265.600,0.049172,41.1800000
2025-02-28,043617,260.300,-0.004857,40.9800000
2025-03-31,043617,250.900,-0.018949,40.1500000
2025-04-30,043617,254.800,0.040349,41.7700000
2025-05-30,043617,265.300,0.033038,43.1500000
2025-06-30,043617,274.900,0.044538,44.7100000
2025-07-31,043617,270.500,-0.016104,43.9900000
2025-08-29,043617,275.500,0.018641,44.8100000
2025-09-30,043617,276.300,0.002980,44.9300000
2025-10-31,043617,276.000,-0.001113,44.8800000
2025-11-28,043617,277.600,0.005793,45.1400000
2025-12-31,043617,271.600,-0.020848,44.1600000
2026-01-30,043617,292.400,0.059330,46.7800000
2026-02-27,043617,294.700,0.032706,48.3100000
2026-03-31,043617,264.200,-0.102771,43.3000000
2026-04-30,043617,280.800,0.063048,46.0300000
2026-05-29,043617,269.300,-0.040626,44.1600000
2026-06-30,043617,274.900,0.027627,45.0700000
2007-05-31,043618,0.100,,
2007-06-29,043618,2.600,R,26.0400000
2007-07-31,043618,32.100,0.027266,26.7500000
2007-08-31,043618,46.800,-0.028785,25.9800000
2007-09-28,043618,56.400,0.084681,28.1800000
2007-10-31,043618,92.900,0.098297,30.9500000
2007-11-30,043618,105.000,-0.031018,29.9900000
2007-12-31,043618,141.400,0.047683,31.4200000
2008-01-31,043618,134.500,-0.192553,25.3700000
2008-02-29,043618,143.000,-0.011037,25.0900000
2008-03-31,043618,155.200,0.013950,25.4400000
2008-04-30,043618,182.600,0.071541,27.2600000
2008-05-30,043618,217.200,0.062362,28.9600000
2008-06-30,043618,216.200,-0.055249,27.3600000
2008-07-31,043618,214.900,-0.053728,25.8900000
2008-08-29,043618,233.800,-0.007339,25.7000000
2008-09-30,043618,177.300,-0.250195,19.2700000
2008-10-31,043618,106.600,-0.364297,12.2500000
2008-11-28,043618,102.400,-0.091429,11.1300000
2008-12-31,043618,116.000,0.087620,12.0817000
2009-01-30,043618,113.800,-0.067217,11.2696000
2009-02-27,043618,100.700,-0.132809,9.7729000
2009-03-31,043618,111.700,0.109722,10.8452000
2009-04-30,043618,139.400,0.212361,13.1483000
2009-05-29,043618,170.400,0.167451,15.3500000
2009-06-30,043618,169.000,-0.037831,14.7600000
2009-07-31,043618,182.200,0.063686,15.7000000
2009-08-31,043618,183.600,-0.010917,15.5286000
2009-09-30,043618,197.100,0.073374,16.6680000
2009-10-30,043618,186.000,-0.068269,15.5301000
2009-11-30,043618,191.100,0.027682,15.9600000
2009-12-31,043618,202.900,0.042409,16.6300000
2010-01-29,043618,183.700,-0.110764,14.7880000
2010-02-26,043618,176.000,-0.041791,14.1700000
2010-03-31,043618,189.000,0.047982,14.8499000
2010-04-30,043618,186.700,-0.012115,14.6700000
2010-05-28,043618,157.900,-0.144513,12.5500000
2010-06-30,043618,149.200,-0.043004,12.0103000
2010-07-30,043618,162.700,0.110713,13.3400000
2010-08-31,043618,146.600,-0.070547,12.3989000
2010-09-30,043618,160.500,0.116268,13.8405000
2010-10-29,043618,161.800,0.007912,13.9500000
2010-11-30,043618,149.000,-0.061326,13.0945000
2010-12-31,043618,147.400,0.075973,14.0700000
2011-01-31,043618,147.000,0.012082,14.2400000
2011-02-28,043618,150.100,0.021032,14.5395000
2011-03-31,043618,211.200,0.078070,15.6746000
2011-04-29,043618,211.900,-0.013053,15.4700000
2011-05-31,043618,196.800,-0.061170,14.5237000
2011-06-30,043618,186.700,-0.060671,13.6311000
2011-07-29,043618,172.500,-0.065959,12.7320000
2011-08-31,043618,149.000,-0.106975,11.3700000
2011-09-30,043618,113.900,-0.222013,8.7954000
2011-10-31,043618,128.100,0.124827,9.8933000
2011-11-30,043618,112.200,-0.086907,9.0335000
2011-12-30,043618,97.000,-0.067115,8.3658000
2012-01-31,043618,89.600,0.093153,9.1451000
2012-02-29,043618,89.000,0.041027,9.5203000
2012-03-30,043618,83.500,-0.053177,8.9992000
2012-04-30,043618,77.300,-0.065472,8.4100000
2012-05-31,043618,67.400,-0.121712,7.3864000
2012-06-29,043618,66.400,0.038204,7.5904000
2012-07-31,043618,61.400,-0.076122,7.0126000
2012-08-31,043618,59.300,0.066338,7.4778000
2012-09-28,043618,59.800,0.033078,7.6876000
2012-10-31,043618,56.500,-0.037411,7.4000000
2012-11-30,043618,54.600,-0.002730,7.3798000
2012-12-31,043618,57.300,0.077541,7.9100000
2013-01-31,043618,61.400,0.070582,8.4683000
2013-02-28,043618,64.700,0.022319,8.6573000
2013-03-28,043618,64.600,-0.000586,8.6459000
2013-04-30,043618,62.700,0.065973,9.2163000
2013-05-31,043618,73.900,0.119028,10.3133000
2013-06-28,043618,66.700,-0.043853,9.8100000
2013-07-31,043618,71.300,0.081244,10.6070000
2013-08-30,043618,69.900,-0.020524,10.3893000
2013-09-30,043618,77.200,0.105657,11.4738000
2013-10-31,043618,81.000,0.049748,12.0446000
2013-11-29,043618,86.300,-0.000930,12.0334000
2013-12-31,043618,86.800,0.008683,12.1000000
2014-01-31,043618,89.300,0.028926,12.4500000
2014-02-28,043618,100.000,0.108434,13.8000000
2014-03-31,043618,99.700,-0.023913,13.4700000
2014-04-30,043618,94.100,-0.036785,12.9745000
2014-05-30,043618,100.900,0.020463,13.2400000
2014-06-30,043618,110.400,0.055718,13.9300000
2014-07-31,043618,101.800,-0.065327,13.0200000
2014-08-29,043618,92.700,0.059140,13.7900000
2014-09-30,043618,81.800,-0.061277,12.9300000
2014-10-31,043618,76.700,-0.032483,12.5100000
2014-11-28,043618,76.900,-0.028777,12.1500000
2014-12-31,043618,63.300,-0.043029,11.5700000
2015-01-30,043618,61.400,-0.012965,11.4200000
2015-02-27,043618,65.900,0.074431,12.2700000
2015-03-31,043618,67.700,0.026895,12.6000000
2015-04-30,043618,71.200,0.051794,13.2526000
2015-05-29,043618,74.100,0.020932,13.5300000
2015-06-30,043618,69.600,-0.057493,12.7100000
2015-07-31,043618,66.200,-0.056876,11.9871000
2015-08-31,043618,62.200,-0.100700,10.7800000
2015-09-30,043618,61.000,-0.018304,10.5600000
2015-10-30,043618,66.800,0.085341,11.4612000
2015-11-30,043618,65.700,-0.016089,11.2768000
2015-12-31,043618,66.700,0.022909,11.4600000
2016-01-29,043618,56.800,-0.111693,10.1800000
2016-02-29,043618,56.500,-0.004528,10.1339000
2016-03-31,043618,59.800,0.077571,10.9200000
2016-04-29,043618,59.600,0.015385,11.0880000
2016-05-31,043618,58.500,-0.017857,10.8900000
2016-06-30,043618,57.000,-0.019687,10.6101000
2016-07-29,043618,59.400,0.041536,11.0508000
2016-08-31,043618,59.000,0.002642,11.0800000
2016-09-30,043618,58.600,0.009875,11.1200000
2016-10-31,043618,56.200,-0.042716,10.6450000
2016-11-30,043618,53.800,-0.023016,10.4000000
2016-12-30,043618,52.700,0.017322,10.5000000
2017-01-31,043618,54.100,0.025714,10.7700000
2017-02-28,043618,53.600,0.031569,11.1100000
2017-03-31,043618,51.700,0.005401,11.1700000
2017-04-28,043618,52.900,0.024172,11.4400000
2017-05-31,043618,54.500,0.030594,11.7900000
2017-06-30,043618,55.000,0.014524,11.8985000
2017-07-31,043618,56.700,0.031222,12.2700000
2017-08-31,043618,56.600,-0.002632,12.2377000
2017-09-29,043618,59.300,0.051416,12.8157000
2017-10-31,043618,60.500,0.020623,13.0800000
2017-11-30,043618,60.100,-0.006116,13.0000000
2017-12-29,043618,58.900,0.022394,13.1700000
2018-01-31,043618,60.200,0.032650,13.6000000
2018-02-28,043618,58.400,-0.040765,13.0456000
2018-03-29,043618,57.000,-0.023104,12.7442000
2018-04-30,043618,58.200,0.008600,12.8538000
2018-05-31,043618,58.300,0.002085,12.8806000
2018-06-29,043618,53.600,-0.076058,11.8524000
2018-07-31,043618,54.700,0.020333,12.0934000
2018-08-31,043618,54.500,-0.003795,12.0475000
2018-09-28,043618,54.100,-0.003485,11.9596000
2018-10-31,043618,49.700,-0.082745,10.9700000
2018-11-30,043618,50.000,0.053947,11.5618000
2018-12-31,043618,44.800,-0.084721,10.4814000
2019-01-31,043618,49.000,0.118934,11.7280000
2019-02-28,043618,49.900,0.057580,12.4033000
2019-03-29,043618,48.300,-0.030986,12.0037000
2019-04-30,043618,50.000,0.035897,12.4346000
2019-05-31,043618,47.500,-0.051244,11.7974000
2019-06-28,043618,49.500,0.073713,12.6096000
2019-07-31,043618,49.500,-0.000611,12.6019000
2019-08-30,043618,47.600,-0.037756,12.1261000
2019-09-30,043618,47.900,0.011290,12.1942000
2019-10-31,043618,49.700,0.038198,12.6600000
2019-11-29,043618,51.900,0.043886,13.2156000
2019-12-31,043618,56.300,0.094813,14.3483000
2020-01-31,043618,61.100,0.032513,14.8148000
2020-02-28,043618,62.400,-0.003443,14.7638000
2020-03-31,043618,50.500,-0.206918,11.6700000
2020-04-30,043618,56.800,0.152528,13.4500000
2020-05-29,043618,61.200,0.077323,14.4900000
2020-06-30,043618,66.900,0.095275,15.8273000
2020-07-31,043618,78.500,0.146797,18.1507000
2020-08-31,043618,97.700,0.150920,20.8900000
2020-09-30,043618,106.500,0.049059,21.8400000
2020-10-30,043618,124.200,0.048063,22.8897000
2020-11-30,043618,222.100,0.315705,30.1161000
2020-12-31,043618,300.900,0.152421,34.6847000
2021-01-29,043618,456.100,0.062716,36.8600000
2021-02-26,043618,439.800,-0.083831,33.7700000
2021-03-31,043618,425.400,-0.054782,31.9200000
2021-04-30,043618,424.400,-0.045113,30.4800000
2021-05-28,043618,398.400,-0.026463,29.6734000
2021-06-30,043618,424.400,0.044390,30.9220000
2021-07-30,043618,414.300,-0.041297,29.6450000
2021-08-31,043618,414.600,0.000789,29.6684000
2021-09-30,043618,403.900,-0.057553,27.9058000
2021-10-29,043618,399.600,0.120971,31.2816000
2021-11-30,043618,377.300,-0.055927,29.5321000
2021-12-31,043618,325.200,-0.086050,26.9300000
2022-01-31,043618,260.200,-0.176012,22.1900000
2022-02-28,043618,271.300,0.056070,23.4342000
2022-03-31,043618,291.800,0.064670,24.8867000
2022-04-29,043618,247.700,-0.139982,21.4030000
2022-05-31,043618,251.600,0.033290,22.1155000
2022-06-30,043618,222.100,-0.112458,19.5242000
2022-07-29,043618,258.700,0.164775,22.7413000
2022-08-31,043618,260.300,0.010531,22.9808000
2022-09-30,043618,215.600,-0.168718,19.0344000
2022-10-31,043618,216.700,-0.003399,18.9697000
2022-11-30,043618,232.500,0.101620,20.8974000
2022-12-30,043618,202.700,-0.102190,18.4734000
2023-01-31,043618,225.500,0.127767,20.8337000
2023-02-28,043618,212.100,-0.055180,19.6841000
2023-03-31,043618,213.300,0.010427,19.7988000
2023-04-28,043618,200.200,-0.057357,18.6632000
2023-05-31,043618,191.100,-0.031624,18.0730000
2023-06-30,043618,199.800,0.053024,18.8919000
2023-07-31,043618,205.800,0.060031,20.0260000
2023-08-31,043618,176.300,-0.134835,17.3258000
2023-09-29,043618,153.800,-0.103352,15.5002000
2023-10-31,043618,131.700,-0.135263,13.4036000
2023-11-30,043618,139.400,0.097616,14.7120000
2023-12-29,043618,152.200,0.105319,16.0600000
2024-01-31,043618,126.900,-0.133873,13.9100000
2024-02-29,043618,124.500,-0.002157,13.8800000
2024-03-28,043618,122.600,0.024265,14.2100000
2024-04-30,043618,117.300,-0.042928,13.6000000
2024-05-31,043618,127.300,0.104412,15.0200000
2024-06-28,043618,112.200,-0.091521,13.5600000
2024-07-31,043618,110.300,0.019912,13.8300000
2024-08-30,043618,108.000,-0.020246,13.5500000
2024-09-30,043618,110.100,0.050525,14.1600000
2024-10-31,043618,97.300,-0.093220,12.8400000
2024-11-29,043618,91.200,-0.037383,12.3600000
2024-12-31,043618,81.400,-0.052210,11.6700000
2025-01-31,043618,78.600,-0.013710,11.5100000
2025-02-28,043618,74.200,-0.019114,11.2900000
2025-03-31,043618,66.500,-0.054329,10.5900000
2025-04-30,043618,64.800,0.033050,10.9400000
2025-05-30,043618,68.000,0.075868,11.7700000
2025-06-30,043618,72.900,0.085243,12.6300000
2025-07-31,043618,77.300,0.060174,13.3900000
2025-08-29,043618,82.400,0.065721,14.2700000
2025-09-30,043618,85.000,0.066320,15.1000000
2025-10-31,043618,94.100,0.107285,16.7200000
2025-11-28,043618,149.600,-0.035287,16.1300000
2025-12-31,043618,165.300,0.002400,16.0800000
2026-01-30,043618,181.600,0.099502,17.6800000
2026-02-27,043618,189.700,0.044118,18.4600000
2026-03-31,043618,179.500,-0.029266,17.9000000
2026-04-30,043618,208.400,0.161453,20.7900000
2026-05-29,043618,232.700,0.068783,22.2200000
2026-06-30,043618,206.500,-0.113628,19.6200000
2009-06-30,046759,3.700,R,24.5020000
2009-07-31,046759,5.500,0.113325,27.2787000
2009-08-31,046759,7.900,-0.038854,26.2188000
2009-09-30,046759,11.100,0.056875,27.7100000
2009-10-30,046759,19.500,0.005309,27.8571000
2009-11-30,046759,27.500,0.038367,28.9259000
2009-12-31,046759,32.600,0.026821,29.6734000
2010-01-29,046759,36.900,-0.003983,29.5552000
2010-02-26,046759,37.200,0.005945,29.7309000
2010-03-31,046759,43.500,0.045905,31.0957000
2010-04-30,046759,49.800,0.001499,31.1423000
2010-05-28,046759,46.800,-0.089065,28.3686000
2010-06-30,046759,49.600,0.020159,28.3266000
2010-07-30,046759,57.800,0.073683,30.4138000
2010-08-31,046759,61.100,-0.020510,29.7900000
2010-09-30,046759,69.100,0.078550,32.1300000
2010-10-29,046759,78.900,0.022838,32.8638000
2010-11-30,046759,93.000,-0.007187,32.6276000
2010-12-31,046759,109.400,0.056363,34.1900000
2011-01-31,046759,118.300,-0.011226,33.8062000
2011-02-28,046759,125.400,-0.011208,33.4273000
2011-03-31,046759,139.600,0.070780,35.7933000
2011-04-29,046759,144.700,0.023655,36.6400000
2011-05-31,046759,149.000,-0.008171,36.3406000
2011-06-30,046759,144.800,-0.022015,34.8977000
2011-07-29,046759,147.100,-0.030859,33.8208000
2011-08-31,046759,124.800,-0.088756,30.8190000
2011-09-30,046759,106.400,-0.147941,26.2596000
2011-10-31,046759,118.700,0.158814,30.4300000
2011-11-30,046759,108.700,-0.034206,29.3891000
2011-12-30,046759,102.600,-0.003601,28.9100000
2012-01-31,046759,110.000,0.102999,31.8877000
2012-02-29,046759,120.300,0.078143,34.3795000
2012-03-30,046759,119.300,-0.035838,33.1474000
2012-04-30,046759,121.100,0.015123,33.6487000
2012-05-31,046759,110.000,-0.091796,30.5599000
2012-06-29,046759,117.800,0.058000,31.8428000
2012-07-31,046759,121.200,0.028490,32.7500000
2012-08-31,046759,120.200,-0.021374,32.0500000
2012-09-28,046759,124.400,0.021217,32.7300000
2012-10-31,046759,127.400,0.010999,33.0900000
2012-11-30,046759,125.300,-0.016017,32.5600000
2012-12-31,046759,130.800,0.060721,33.9700000
2013-01-31,046759,140.800,0.062702,36.1000000
2013-02-28,046759,142.900,0.001939,36.1700000
2013-03-28,046759,140.600,-0.015759,35.6000000
2013-04-30,046759,143.700,0.008708,35.9100000
2013-05-31,046759,138.000,-0.039543,34.4900000
2013-06-28,046759,116.300,-0.072087,31.4400000
2013-07-31,046759,126.300,0.017176,31.9800000
2013-08-30,046759,124.400,-0.015322,31.4900000
2013-09-30,046759,130.700,0.051127,33.1000000
2013-10-31,046759,137.100,0.048943,34.7200000
2013-11-29,046759,137.300,0.000864,34.7500000
2013-12-31,046759,134.600,-0.006399,34.0700000
2014-01-31,046759,121.000,-0.065453,31.8400000
2014-02-28,046759,124.200,0.026382,32.6800000
2014-03-31,046759,108.800,0.024174,33.4700000
2014-04-30,046759,108.600,0.013445,33.9200000
2014-05-30,046759,109.400,0.023585,34.7200000
2014-06-30,046759,110.000,0.035202,35.4900000
2014-07-31,046759,107.300,0.008171,35.7800000
2014-08-29,046759,110.500,0.046954,37.4600000
2014-09-30,046759,101.400,-0.082221,34.3800000
2014-10-31,046759,94.700,0.020652,35.0900000
2014-11-28,046759,93.700,-0.011114,34.7000000
2014-12-31,046759,85.800,-0.051011,32.3700000
2015-01-30,046759,85.900,0.020389,33.0300000
2015-02-27,046759,87.100,0.013624,33.4800000
2015-03-31,046759,82.200,-0.018220,32.8700000
2015-04-30,046759,82.200,0.111044,36.5200000
2015-05-29,046759,78.900,-0.039978,35.0600000
2015-06-30,046759,75.100,-0.037167,33.3900000
2015-07-31,046759,60.200,-0.050314,31.7100000
2015-08-31,046759,54.700,-0.092085,28.7900000
2015-09-30,046759,53.500,-0.047239,27.4300000
2015-10-30,046759,55.700,0.068538,29.3100000
2015-11-30,046759,53.500,-0.038895,28.1700000
2015-12-31,046759,49.400,-0.018773,27.4500000
2016-01-29,046759,44.000,-0.057923,25.8600000
2016-02-29,046759,44.500,0.011988,26.1700000
2016-03-31,046759,47.500,0.133741,29.6700000
2016-04-29,046759,48.400,0.020559,30.2800000
2016-05-31,046759,43.700,-0.038309,29.1200000
2016-06-30,046759,44.700,0.043442,29.8100000
2016-07-29,046759,46.200,0.033881,30.8200000
2016-08-31,046759,46.900,0.014925,31.2800000
2016-09-30,046759,45.700,-0.025575,30.4800000
2016-10-31,046759,45.300,-0.009843,30.1800000
2016-11-30,046759,42.500,-0.060636,28.3500000
2016-12-30,046759,42.100,0.002852,28.1000000
2017-01-31,046759,43.200,0.024199,28.7800000
2017-02-28,046759,45.000,0.042043,29.9900000
2017-03-31,046759,47.200,0.050017,31.4900000
2017-04-28,046759,47.300,0.001270,31.5300000
2017-05-31,046759,47.200,-0.001586,31.4800000
2017-06-30,046759,48.000,0.024446,32.0300000
2017-07-31,046759,50.500,0.051826,33.6900000
2017-08-31,046759,49.100,0.005046,33.8600000
2017-09-29,046759,48.900,-0.003839,33.7300000
2017-10-31,046759,47.500,0.006522,33.9500000
2017-11-30,046759,45.500,-0.042415,32.5100000
2017-12-29,046759,44.400,0.030589,32.8600000
2018-01-31,046759,42.900,0.043822,34.3000000
2018-02-28,046759,42.500,-0.047813,32.6600000
2018-03-29,046759,41.600,-0.021127,31.9700000
2018-04-30,046759,41.200,-0.008758,31.6900000
2018-05-31,046759,39.400,-0.044178,30.2900000
2018-06-29,046759,33.800,-0.057278,28.2000000
2018-07-31,046759,33.600,0.035816,29.2100000
2018-08-31,046759,32.600,-0.031154,28.3000000
2018-09-28,046759,32.900,0.009894,28.5800000
2018-10-31,046759,31.600,-0.039188,27.4600000
2018-11-30,046759,29.500,0.022214,28.0700000
2018-12-31,046759,27.900,0.005884,27.8600000
2019-01-31,046759,30.000,0.077172,30.0100000
2019-02-28,046759,34.000,-0.015995,29.5300000
2019-03-29,046759,25.800,-0.029800,28.6500000
2019-04-30,046759,25.500,-0.011169,28.3300000
2019-05-31,046759,24.800,-0.026827,27.5700000
2019-06-28,046759,26.100,0.068226,29.0200000
2019-07-31,046759,26.300,0.006547,29.2100000
2019-08-30,046759,24.000,-0.034235,28.2100000
2019-09-30,046759,22.600,0.003545,28.3100000
2019-10-31,046759,24.100,0.066054,30.1800000
2019-11-29,046759,23.600,-0.020875,29.5500000
2019-12-31,046759,23.700,0.075869,31.5500000
2020-01-31,046759,22.200,-0.061490,29.6100000
2020-02-28,046759,19.500,-0.122256,25.9900000
2020-03-31,046759,12.900,-0.238169,19.8000000
2020-04-30,046759,14.000,0.085859,21.5000000
2020-05-29,046759,14.300,0.022326,21.9800000
2020-06-30,046759,14.100,0.003786,21.7700000
2020-07-31,046759,14.000,-0.011484,21.5200000
2020-08-31,046759,13.800,-0.014405,21.2100000
2020-09-30,046759,13.500,-0.023102,20.7200000
2020-10-30,046759,12.900,-0.042471,19.8400000
2020-11-30,046759,15.000,0.164819,23.1100000
2020-12-31,046759,16.000,0.080513,24.6400000
2021-01-29,046759,15.200,-0.053571,23.3200000
2021-02-26,046759,15.500,0.020583,23.8000000
2021-03-31,046759,16.100,0.039496,24.7400000
2021-04-30,046759,15.700,-0.024656,24.1300000
2021-05-28,046759,16.200,0.031910,24.9000000
2021-06-30,046759,15.900,0.011206,24.5200000
2021-07-30,046759,15.400,-0.035073,23.6600000
2021-08-31,046759,15.900,0.035926,24.5100000
2021-09-30,046759,16.200,0.019176,24.9800000
2021-10-29,046759,15.700,-0.032426,24.1700000
2021-11-30,046759,14.700,-0.065370,22.5900000
2021-12-31,046759,17.000,0.088251,24.2900000
2022-01-31,046759,17.800,-0.021408,23.7700000
2022-02-28,046759,18.500,-0.027148,23.1247000
2022-03-31,046759,20.600,-0.010063,22.8920000
2022-04-29,046759,20.800,-0.044623,21.8705000
2022-05-31,046759,22.300,0.073560,23.4793000
2022-06-30,046759,20.600,-0.062550,21.7170000
2022-07-29,046759,20.900,-0.038141,20.8887000
2022-08-31,046759,22.500,0.023994,21.3899000
2022-09-30,046759,19.900,-0.115830,18.9123000
2022-10-31,046759,20.500,0.030599,19.4910000
2022-11-30,046759,22.800,0.114622,21.7251000
2022-12-30,046759,21.700,-0.032485,20.6847000
2023-01-31,046759,23.200,0.070419,22.1413000
2023-02-28,046759,22.000,-0.053118,20.9652000
2023-03-31,046759,22.600,0.027264,21.5368000
2023-04-28,046759,22.900,0.011492,21.7843000
2023-05-31,046759,22.300,-0.025674,21.2250000
2023-06-30,046759,23.100,0.048405,22.0232000
2023-07-31,046759,23.600,0.022222,22.5126000
2023-08-31,046759,20.900,-0.070147,20.9334000
2023-09-29,046759,20.700,-0.011212,20.6987000
2023-10-31,046759,19.300,-0.066135,19.3298000
2023-11-30,046759,20.700,0.070399,20.6906000
2023-12-29,046759,21.700,0.066807,21.7204000
2024-01-31,046759,20.900,-0.037992,20.8952000
2024-02-29,046759,21.700,0.037286,21.6743000
2024-03-28,046759,22.000,0.015645,22.0134000
2024-04-30,046759,22.100,0.005051,22.1246000
2024-05-31,046759,22.600,0.020348,22.5748000
2024-06-28,046759,8.600,-0.034696,21.4474000
2024-07-31,046759,8.600,-0.000494,21.4368000
2024-08-30,046759,8.800,0.025232,21.9777000
2024-09-30,046759,9.300,0.052417,23.1297000
2024-10-31,046759,8.800,-0.047117,22.0399000
2024-11-29,046759,8.500,-0.035109,21.2661000
2024-12-31,046759,8.400,0.007572,20.9480000
2025-01-31,046759,8.400,0.007538,21.1059000
2025-02-28,046759,8.400,-0.008855,20.9190000
2025-03-31,046759,8.500,0.011387,21.1572000
2025-04-30,046759,6.700,0.054951,22.3198000
2025-05-30,046759,7.000,0.044328,23.3092000
2025-06-30,046759,7.200,0.045442,23.8682000
2025-07-31,046759,7.200,0.000628,23.8832000
2025-08-29,046759,7.400,0.036394,24.7524000
2025-09-30,046759,7.700,0.037229,25.6739000
2025-10-31,046759,7.800,0.011716,25.9747000
2025-11-28,046759,8.200,0.049702,27.2657000
2025-12-31,046759,7.900,-0.002350,26.3752000
2026-01-30,046759,10.000,0.079014,28.4592000
2026-02-27,046759,15.000,0.051143,29.9147000
2026-03-31,046759,13.900,-0.067352,27.8999000
2026-04-30,046759,14.400,0.035810,28.8990000
2026-05-29,046759,13.600,-0.060397,27.1536000
2026-06-30,046759,13.100,-0.022136,26.2787000
2009-11-30,047945,11.900,R,29.7325000
2009-12-31,047945,20.800,0.074881,31.9470000
2010-01-29,047945,23.500,-0.080549,29.3737000
2010-02-26,047945,26.100,-0.010986,29.0510000
2010-03-31,047945,32.300,0.058893,30.7619000
2010-04-30,047945,33.200,0.028974,31.6532000
2010-05-28,047945,28.900,-0.087435,28.8856000
2010-06-30,047945,28.700,-0.053040,27.3535000
2010-07-30,047945,32.600,0.134305,31.0272000
2010-08-31,047945,,-0.098436,27.9730000
2010-09-30,047945,,0.084296,30.3310000
2010-10-29,047945,33.100,0.039514,31.5295000
2010-11-30,047945,31.200,-0.056782,29.7392000
2010-12-31,047945,28.600,0.067904,31.7586000
2011-01-31,047945,28.500,0.055953,33.5356000
2011-02-28,047945,29.200,0.025758,34.3994000
2011-03-31,047945,29.900,0.022381,35.1693000
2011-04-29,047945,29.800,-0.003102,35.0602000
2011-05-31,047945,26.800,-0.046089,33.4443000
2011-06-30,047945,26.400,-0.013291,32.9998000
2011-07-29,047945,23.200,-0.061403,30.9735000
2011-08-31,047945,21.500,-0.073737,28.6896000
2011-09-30,047945,18.200,-0.154812,24.2481000
2011-10-31,047945,18.300,0.080885,26.2094000
2011-11-30,047945,17.500,-0.043877,25.0594000
2011-12-30,047945,14.900,-0.005978,24.9096000
2012-01-31,047945,13.700,0.097440,27.3368000
2012-02-29,047945,14.200,0.039639,28.4204000
2012-03-30,047945,14.100,-0.005616,28.2608000
2012-04-30,047945,13.500,-0.041301,27.0936000
2012-05-31,047945,11.300,-0.072873,25.1192000
2012-06-29,047945,12.000,0.061535,26.6649000
2012-07-31,047945,12.000,-0.000071,26.6630000
2012-08-31,047945,12.600,0.050868,28.0193000
2012-09-28,047945,13.000,0.035488,28.9280000
2012-10-31,047945,12.700,-0.025380,28.1938000
2012-11-30,047945,12.800,0.007551,28.4067000
2012-12-31,047945,13.300,0.039924,29.5408000
2013-01-31,047945,12.600,0.066853,31.5157000
2013-02-28,047945,13.000,0.027780,32.3912000
2013-03-28,047945,12.900,-0.003930,32.2478000
2013-04-30,047945,11.400,0.012041,32.6361000
2013-05-31,047945,11.500,0.007054,32.8663000
2013-06-28,047945,11.000,-0.044669,31.3982000
2013-07-31,047945,11.600,0.055701,33.1471000
2013-08-30,047945,11.100,-0.043355,31.7100000
2013-09-30,047945,11.800,0.066859,33.8301000
2013-10-31,047945,12.600,0.062979,35.9607000
2013-11-29,047945,12.600,-0.000723,35.9347000
2013-12-31,047945,12.700,0.009605,36.1974000
2014-01-31,047945,12.800,0.011763,36.6232000
2014-02-28,047945,13.600,0.061909,38.8905000
2014-03-31,047945,13.600,-0.000330,38.7516000
2014-04-30,047945,15.300,-0.014479,38.1905000
2014-05-30,047945,14.900,-0.024265,37.2638000
2014-06-30,047945,13.100,0.015622,37.5440000
2014-07-31,047945,12.500,-0.051358,35.6158000
2014-08-29,047945,13.000,0.042571,37.1320000
2014-09-30,047945,14.200,-0.045485,35.3787000
2014-10-31,047945,14.300,0.013844,35.8685000
2014-11-28,047945,14.300,-0.005213,35.6815000
2014-12-31,047945,14.200,-0.005823,35.4428000
2015-01-30,047945,13.600,-0.040657,34.0018000
2015-02-27,047945,14.300,0.051647,35.7579000
2015-03-31,047945,12.500,0.003098,35.8500000
2015-04-30,047945,12.700,0.010050,36.2103000
2015-05-29,047945,12.900,0.019271,36.9081000
2015-06-30,047945,12.400,-0.033071,35.4552000
2015-07-31,047945,12.100,-0.021926,34.6778000
2015-08-31,047945,11.400,-0.059130,32.6273000
2015-09-30,047945,11.000,-0.032472,31.4953000
2015-10-30,047945,11.600,0.054326,33.2063000
2015-11-30,047945,11.800,0.014904,33.7012000
2015-12-31,047945,11.400,-0.030184,32.6068000
2016-01-29,047945,9.100,-0.066735,30.4308000
2016-02-29,047945,9.500,0.037712,31.5784000
2016-03-31,047945,10.400,0.097174,34.6470000
2016-04-29,047945,10.800,0.038329,35.9750000
2016-05-31,047945,12.800,0.013420,36.4578000
2016-06-30,047945,12.300,-0.030271,35.1468000
2016-07-29,047945,13.100,0.061806,37.3191000
2016-08-31,047945,13.400,0.023814,38.2078000
2016-09-30,047945,13.700,0.028278,39.1818000
2016-10-31,047945,15.100,-0.033906,37.8533000
2016-11-30,047945,16.000,0.053826,39.8908000
2016-12-30,047945,18.100,0.011265,40.2233000
2017-01-31,047945,22.500,0.016389,40.8825000
2017-02-28,047945,22.300,-0.007644,40.5700000
2017-03-31,047945,23.100,0.033404,41.9252000
2017-04-28,047945,19.400,0.029748,43.1724000
2017-05-31,047945,21.600,-0.000799,43.1379000
2017-06-30,047945,21.700,0.014190,43.3556000
2017-07-31,047945,22.700,0.047807,45.4283000
2017-08-31,047945,23.200,0.019831,46.3292000
2017-09-29,047945,27.000,0.059042,48.9992000
2017-10-31,047945,27.700,0.028319,50.3868000
2017-11-30,047945,27.500,-0.007280,50.0200000
2017-12-29,047945,33.100,0.020218,50.9432000
2018-01-31,047945,34.100,0.029395,52.4407000
2018-02-28,047945,32.600,-0.044509,50.1066000
2018-03-29,047945,32.200,-0.010141,49.5380000
2018-04-30,047945,34.100,-0.018085,48.6421000
2018-05-31,047945,38.100,0.045105,50.8361000
2018-06-29,047945,34.100,-0.037247,48.6436000
2018-07-31,047945,35.100,0.031560,50.1788000
2018-08-31,047945,35.000,-0.002957,50.0304000
2018-09-28,047945,33.300,-0.045861,47.6179000
2018-10-31,047945,29.600,-0.111968,42.2862000
2018-11-30,047945,29.800,0.005475,42.5177000
2018-12-31,047945,23.500,-0.078436,39.1754000
2019-01-31,047945,26.600,0.130858,44.3018000
2019-02-28,047945,27.200,0.024658,45.3942000
2019-03-29,047945,26.200,-0.035168,43.6944000
2019-04-30,047945,27.800,0.058566,46.2534000
2019-05-31,047945,26.000,-0.062082,43.3819000
2019-06-28,047945,29.000,0.121706,48.3874000
2019-07-31,047945,29.200,0.006227,48.6887000
2019-08-30,047945,28.800,-0.015110,47.9530000
2019-09-30,047945,27.200,0.037579,49.5117000
2019-10-31,047945,28.200,0.034614,51.2255000
2019-11-29,047945,31.500,0.026282,52.5718000
2019-12-31,047945,32.900,0.045163,54.8642000
2020-01-31,047945,32.300,-0.017454,53.9066000
2020-02-28,047945,35.100,0.002592,54.0463000
2020-03-31,047945,27.900,-0.205390,42.8871000
2020-04-30,047945,32.100,0.149861,49.3142000
2020-05-29,047945,34.500,0.076063,53.0652000
2020-06-30,047945,38.400,0.035241,54.7867000
2020-07-31,047945,40.700,0.060562,58.1047000
2020-08-31,047945,54.700,0.107062,64.3255000
2020-09-30,047945,56.600,-0.019470,62.8642000
2020-10-30,047945,73.500,0.016790,63.9197000
2020-11-30,047945,105.400,0.178197,75.3100000
2020-12-31,047945,137.000,0.072340,80.6100000
2021-01-29,047945,178.100,0.004218,80.9500000
2021-02-26,047945,236.600,0.043978,84.5100000
2021-03-31,047945,266.300,0.017407,85.9300000
2021-04-30,047945,373.200,0.021762,87.8000000
2021-05-28,047945,394.000,0.031435,90.5600000
2021-06-30,047945,425.900,0.026080,92.5800000
2021-07-30,047945,442.700,0.039425,96.2300000
2021-08-31,047945,548.900,0.027642,98.8900000
2021-09-30,047945,550.200,-0.062672,92.4800000
2021-10-29,047945,624.600,0.098183,101.5600000
2021-11-30,047945,756.300,-0.007089,100.8400000
2021-12-31,047945,822.000,0.019326,102.7500000
2022-01-31,047945,748.300,-0.100925,92.3800000
2022-02-28,047945,723.300,-0.015155,90.9800000
2022-03-31,047945,728.900,0.035178,94.0500000
2022-04-29,047945,656.700,-0.093142,85.2900000
2022-05-31,047945,612.500,0.011490,86.2700000
2022-06-30,047945,571.600,-0.093829,77.7600000
2022-07-29,047945,639.200,0.149691,89.4000000
2022-08-31,047945,593.200,-0.065548,83.5400000
2022-09-30,047945,538.300,-0.095728,75.2800000
2022-10-31,047945,595.500,0.106403,83.2900000
2022-11-30,047945,670.100,0.117421,93.0700000
2022-12-30,047945,637.600,-0.058550,87.3500000
2023-01-31,047945,709.400,0.090097,95.2200000
2023-02-28,047945,707.700,-0.009032,94.3600000
2023-03-31,047945,722.500,0.035549,97.6300000
2023-04-28,047945,729.300,-0.010550,96.6000000
2023-05-31,047945,765.300,0.015631,98.1100000
2023-06-30,047945,907.500,0.076652,104.9200000
2023-07-31,047945,1159.900,0.004956,105.4400000
2023-08-31,047945,1105.700,-0.042394,100.9700000
2023-09-29,047945,1019.800,-0.067571,93.9900000
2023-10-31,047945,874.100,-0.079264,86.5400000
2023-11-30,047945,759.600,0.118211,96.7700000
2023-12-29,047945,816.400,0.085341,104.6700000
2024-01-31,047945,806.300,-0.043088,100.1600000
2024-02-29,047945,885.600,0.084864,108.6600000
2024-03-28,047945,995.000,0.053485,114.3700000
2024-04-30,047945,1015.000,-0.019411,112.1500000
2024-05-31,047945,1421.000,0.069282,119.9200000
2024-06-28,047945,1447.700,-0.032812,115.3500000
2024-07-31,047945,1559.200,0.031816,119.0200000
2024-08-30,047945,1643.900,0.023105,121.7700000
2024-09-30,047945,1846.700,0.044339,126.9200000
2024-10-31,047945,1876.100,-0.043256,121.4300000
2024-11-29,047945,2049.800,0.035576,125.7500000
2024-12-31,047945,2041.900,-0.048326,119.4100000
2025-01-31,047945,2159.800,0.010468,120.6600000
2025-02-28,047945,2199.700,-0.025112,117.6300000
2025-03-31,047945,2009.800,-0.036248,113.2300000
2025-04-30,047945,2049.500,0.046277,118.4700000
2025-05-30,047945,2329.700,0.095552,129.7900000
2025-06-30,047945,2571.400,0.074566,138.6200000
2025-07-31,047945,2930.500,0.023734,141.9100000
2025-08-29,047945,3190.900,0.006060,142.7700000
2025-09-30,047945,3888.700,0.057369,150.7200000
2025-10-31,047945,4689.600,0.040605,156.8400000
2025-11-28,047945,4882.700,-0.028653,152.3461000
2025-12-31,047945,5257.700,0.006915,153.0599000
2026-01-30,047945,6366.000,0.076087,164.7058000
2026-02-27,047945,8242.200,0.080807,178.0151000
2026-03-31,047945,7645.700,-0.082682,163.1950000
2026-04-30,047945,10045.900,0.169185,190.8052000
2026-05-29,047945,11288.300,0.010438,192.7969000
2026-06-30,047945,12076.600,-0.004932,191.0855000
2010-02-26,048902,4.000,R,19.8501000
2010-03-31,048902,6.200,0.047007,20.7832000
2010-04-30,048902,7.000,-0.037434,20.0052000
2010-05-28,048902,5.500,-0.084883,18.3071000
2010-06-30,048902,8.200,-0.005899,18.1991000
2010-07-30,048902,,0.100346,20.0253000
2010-08-31,048902,,-0.052519,18.9736000
2010-09-30,048902,,0.104788,20.9618000
2010-10-29,048902,10.600,0.013558,21.2460000
2010-11-30,048902,14.500,-0.027233,20.6674000
2010-12-31,048902,18.000,0.032458,21.2075000
2011-01-31,048902,18.300,0.013269,21.4889000
2011-02-28,048902,19.400,-0.051403,20.3843000
2011-03-31,048902,21.100,0.091217,22.2437000
2011-04-29,048902,23.700,0.013226,22.5379000
2011-05-31,048902,24.600,-0.008670,22.3425000
2011-06-30,048902,19.400,-0.032745,21.6109000
2011-07-29,048902,19.300,-0.010018,21.3944000
2011-08-31,048902,17.000,-0.116423,18.9036000
2011-09-30,048902,12.600,-0.258120,14.0242000
2011-10-31,048902,14.700,0.233725,17.3020000
2011-11-30,048902,13.100,-0.111317,15.3760000
2011-12-30,048902,12.200,0.019625,15.2826000
2012-01-31,048902,13.400,0.098157,16.7827000
2012-02-29,048902,14.200,0.128412,18.9378000
2012-03-30,048902,12.300,-0.133791,16.4041000
2012-04-30,048902,13.200,0.071726,17.5807000
2012-05-31,048902,12.200,-0.075992,16.2447000
2012-06-29,048902,10.500,-0.008304,16.1098000
2012-07-31,048902,10.200,-0.026226,15.6873000
2012-08-31,048902,9.700,-0.049773,14.9065000
2012-09-28,048902,10.500,0.081401,16.1199000
2012-10-31,048902,11.500,0.095491,17.6592000
2012-11-30,048902,11.900,0.032521,18.2335000
2012-12-31,048902,12.500,0.067316,19.2211000
2013-01-31,048902,14.700,0.021497,19.6343000
2013-02-28,048902,14.100,-0.045421,18.7425000
2013-03-28,048902,13.100,-0.065301,17.5186000
2013-04-30,048902,12.300,-0.000040,17.5179000
2013-05-31,048902,12.200,-0.006570,17.4028000
2013-06-28,048902,9.400,-0.104029,15.5924000
2013-07-31,048902,10.000,0.073388,16.7367000
2013-08-30,048902,10.500,0.041561,17.4323000
2013-09-30,048902,9.800,0.021139,17.8008000
2013-10-31,048902,10.300,0.053576,18.7545000
2013-11-29,048902,10.800,0.044848,19.5956000
2013-12-31,048902,10.100,-0.047776,18.3922000
2014-01-31,048902,9.300,-0.080871,16.9048000
2014-02-28,048902,9.200,-0.013280,16.6803000
2014-03-31,048902,9.100,-0.003028,16.6298000
2014-04-30,048902,9.000,-0.013524,16.4049000
2014-05-30,048902,9.100,0.013508,16.6265000
2014-06-30,048902,9.300,0.022073,16.9935000
2014-07-31,048902,8.600,0.118298,19.0038000
2014-08-29,048902,6.600,-0.011729,18.7809000
2010-02-26,048903,2.000,R,19.7728000
2010-03-31,048903,11.300,0.039327,20.5504000
2010-04-30,048903,21.700,0.006808,20.6903000
2010-05-28,048903,22.600,-0.091188,18.8036000
2010-06-30,048903,25.100,0.024096,19.2567000
2010-07-30,048903,,0.086167,20.9160000
2010-08-31,048903,,-0.009337,20.7207000
2010-09-30,048903,,0.091184,22.6101000
2010-10-29,048903,52.700,0.036524,23.4359000
2010-11-30,048903,58.600,-0.020055,22.9659000
2010-12-31,048903,66.400,0.047104,23.7286000
2011-01-31,048903,73.500,-0.016297,23.3419000
2011-02-28,048903,76.900,0.013928,23.6670000
2011-03-31,048903,83.800,0.073064,25.3962000
2011-04-29,048903,89.500,0.020972,25.9288000
2011-05-31,048903,92.400,0.003702,26.0248000
2011-06-30,048903,90.900,-0.015916,25.6106000
2011-07-29,048903,87.400,-0.038711,24.6192000
2011-08-31,048903,78.800,-0.044624,23.5206000
2011-09-30,048903,69.900,-0.150587,19.9787000
2011-10-31,048903,76.400,0.140980,22.7953000
2011-11-30,048903,68.400,-0.062671,21.3667000
2011-12-30,048903,65.700,0.007259,20.5385000
2012-01-31,048903,75.400,0.113119,22.8618000
2012-02-29,048903,89.500,0.087819,24.8695000
2012-03-30,048903,89.600,-0.026370,24.2137000
2012-04-30,048903,88.500,-0.012662,23.9071000
2012-05-31,048903,74.400,-0.123060,20.9651000
2012-06-29,048903,75.200,0.025213,21.4937000
2012-07-31,048903,72.600,0.008272,21.6715000
2012-08-31,048903,71.600,-0.013174,21.3860000
2012-09-28,048903,70.300,-0.018620,20.9878000
2012-10-31,048903,70.800,0.006537,21.1250000
2012-11-30,048903,73.700,-0.044080,20.1938000
2012-12-31,048903,76.000,0.072634,20.8168000
2013-01-31,048903,80.000,0.038459,21.6174000
2013-02-28,048903,80.200,0.003261,21.6879000
2013-03-28,048903,79.700,-0.019555,21.2638000
2013-04-30,048903,76.900,-0.022263,20.7904000
2013-05-31,048903,67.200,-0.076131,19.2076000
2013-06-28,048903,59.800,-0.084571,17.5832000
2013-07-31,048903,58.900,-0.015538,17.3100000
2013-08-30,048903,54.200,-0.051727,16.4146000
2013-09-30,048903,60.100,0.109579,18.2133000
2013-10-31,048903,62.400,0.038862,18.9211000
2013-11-29,048903,56.500,-0.052608,17.9257000
2013-12-31,048903,52.800,-0.019215,17.0287000
2014-01-31,048903,35.500,-0.094681,15.4164000
2014-02-28,048903,34.500,-0.028003,14.9847000
2014-03-31,048903,36.900,0.094723,16.4041000
2014-04-30,048903,37.000,0.002829,16.4505000
2014-05-30,048903,34.900,-0.014541,16.2113000
2014-06-30,048903,47.100,0.056658,17.1298000
2014-07-31,048903,40.500,-0.034139,16.5450000
2014-08-29,048903,31.600,0.060423,17.5447000
2014-09-30,048903,24.600,-0.176179,14.4537000
2014-10-31,048903,23.800,-0.030740,14.0094000
2014-11-28,048903,21.200,-0.053557,13.2591000
2014-12-31,048903,17.100,-0.106329,11.0415000
2015-01-30,048903,14.000,-0.122746,9.6862000
2015-02-27,048903,14.000,0.034224,10.0177000
2015-03-31,048903,12.600,-0.102439,8.9915000
2015-04-30,048903,14.200,0.127732,10.1400000
2015-05-29,048903,13.200,-0.099290,9.1332000
2015-06-30,048903,13.000,-0.016807,8.9797000
2015-07-31,048903,11.400,-0.122098,7.8833000
2015-08-31,048903,9.500,-0.171210,6.5336000
2015-09-30,048903,8.600,-0.094741,5.9146000
2015-10-30,048903,9.000,,
2010-08-31,049962,,R,19.3400000
2010-09-30,049962,,0.134436,21.9400000
2010-10-29,049962,32.600,-0.010939,21.7000000
2010-11-30,049962,44.400,-0.090783,19.7300000
2010-12-31,049962,62.700,0.059301,20.9000000
2011-01-31,049962,68.800,-0.133493,18.1100000
2011-02-28,049962,71.400,-0.061292,17.0000000
2011-03-31,049962,85.400,0.141176,19.4000000
2011-04-29,049962,85.800,-0.006186,19.2800000
2011-05-31,049962,80.400,-0.063278,18.0600000
2011-06-30,049962,81.200,0.011074,18.2600000
2011-07-29,049962,81.100,-0.002191,18.2200000
2011-08-31,049962,70.100,-0.126235,15.9200000
2011-09-30,049962,63.900,-0.077261,14.6900000
2011-10-31,049962,66.600,0.067393,15.6800000
2011-11-30,049962,55.300,-0.170918,13.0000000
2011-12-30,049962,48.600,-0.092156,11.7200000
2012-01-31,049962,58.900,0.272184,14.9100000
2012-02-29,049962,62.600,0.076459,16.0500000
2012-03-30,049962,60.700,-0.066044,14.9900000
2012-04-30,049962,55.700,-0.083389,13.7400000
2012-05-31,049962,46.500,-0.152838,11.6400000
2012-06-29,049962,50.900,0.092784,12.7200000
2012-07-31,049962,50.400,-0.008648,12.6100000
2012-08-31,049962,49.400,-0.032514,12.2000000
2012-09-28,049962,59.500,0.203279,14.6800000
2012-10-31,049962,55.200,-0.059946,13.8000000
2012-11-30,049962,58.000,0.050000,14.4900000
2012-12-31,049962,61.000,0.015072,14.5200000
2013-01-31,049962,62.000,0.017218,14.7700000
2013-02-28,049962,54.600,-0.119838,13.0000000
2013-03-28,049962,51.500,-0.056154,12.2700000
2013-04-30,049962,68.100,0.088835,13.3600000
2013-05-31,049962,66.500,-0.077844,12.3200000
2013-06-28,049962,59.300,-0.099838,11.0900000
2013-07-31,049962,55.400,-0.066727,10.3500000
2013-08-30,049962,48.800,-0.118841,9.1200000
2013-09-30,049962,,0.125000,10.2600000
2013-10-31,049962,,0.119883,11.4900000
2013-11-29,049962,,0.008703,11.5900000
2013-12-31,049962,16.500,0.032515,10.6400000
2014-01-31,049962,14.700,-0.110902,9.4600000
2014-02-28,049962,15.000,0.024313,9.6900000
2014-03-31,049962,17.600,0.171311,11.3500000
2014-04-30,049962,17.900,-0.013216,11.2000000
2014-05-30,049962,43.000,0.239286,13.8800000
2014-06-30,049962,60.400,0.061960,14.7400000
2014-07-31,049962,62.200,-0.052239,13.9700000
2014-08-29,049962,59.300,-0.023622,13.6400000
2014-09-30,049962,50.000,-0.048387,12.9800000
2014-10-31,049962,48.400,0.066256,13.8400000
2014-11-28,049962,46.900,-0.018064,13.5900000
2014-12-31,049962,44.100,-0.056785,12.7800000
2015-01-30,049962,45.500,0.062598,13.5800000
2015-02-27,049962,46.000,0.011782,13.7400000
2015-03-31,049962,47.700,-0.048035,13.0800000
2015-04-30,049962,54.300,-0.033639,12.6400000
2015-05-29,049962,55.400,0.018987,12.8800000
2015-06-30,049962,53.700,-0.031056,12.4800000
2015-07-31,049962,52.400,-0.000801,12.4700000
2015-08-31,049962,43.600,-0.125100,10.9100000
2015-09-30,049962,42.900,-0.017415,10.7200000
2015-10-30,049962,42.800,0.024254,10.9800000
2015-11-30,049962,37.800,-0.043716,10.5000000
2015-12-31,049962,41.200,0.027380,10.6900000
2016-01-29,049962,35.700,-0.122544,9.3800000
2016-02-29,049962,32.800,-0.078891,8.6400000
2016-03-31,049962,39.900,0.185185,10.2400000
2016-04-29,049962,41.200,0.032227,10.5700000
2016-05-31,049962,40.800,-0.010407,10.4600000
2016-06-30,049962,42.700,0.046845,10.9500000
2016-07-29,049962,46.000,0.077626,11.8000000
2016-08-31,049962,45.700,0.017797,12.0100000
2016-09-30,049962,45.300,-0.021649,11.7500000
2016-10-31,049962,48.900,0.027234,12.0700000
2016-11-30,049962,37.700,-0.068766,11.2400000
2016-12-30,049962,34.200,-0.019103,10.7000000
2017-01-31,049962,37.500,0.096262,11.7300000
2017-02-28,049962,39.400,0.051151,12.3300000
2017-03-31,049962,41.500,0.052717,12.9800000
2017-04-28,049962,48.600,0.053929,13.6800000
2017-05-31,049962,51.000,-0.019006,13.4200000
2017-06-30,049962,49.200,-0.008942,13.3000000
2017-07-31,049962,53.100,0.078947,14.3500000
2017-08-31,049962,48.000,0.013937,14.5500000
2017-09-29,049962,50.300,-0.026117,14.1700000
2017-10-31,049962,54.500,0.098095,15.5600000
2017-11-30,049962,54.700,-0.022494,15.2100000
2017-12-29,049962,58.700,0.049594,15.8600000
2018-01-31,049962,57.100,-0.014502,15.6300000
2018-02-28,049962,53.300,-0.052463,14.8100000
2018-03-29,049962,49.600,-0.056043,13.9800000
2018-04-30,049962,47.700,0.032904,14.4400000
2018-05-31,049962,43.400,-0.061634,13.5500000
2018-06-29,049962,36.800,-0.063469,12.6900000
2018-07-31,049962,36.700,0.032309,13.1000000
2018-08-31,049962,36.700,0.019847,13.3600000
2018-09-28,049962,32.700,-0.110030,11.8900000
2018-10-31,049962,30.100,-0.063078,11.1400000
2018-11-30,049962,31.700,0.072711,11.9500000
2018-12-31,049962,31.700,0.014705,11.9600000
2019-01-31,049962,28.200,-0.092809,10.8500000
2019-02-28,049962,28.300,0.001843,10.8700000
2019-03-29,049962,31.400,0.111316,12.0800000
2019-04-30,049962,30.200,-0.018212,11.8600000
2019-05-31,049962,29.300,-0.032040,11.4800000
2012-01-31,054397,2.500,R,24.7900000
2012-02-29,054397,5.300,0.058923,26.2507000
2012-03-30,054397,5.000,-0.049058,24.9629000
2012-04-30,054397,4.900,-0.016212,24.5582000
2012-05-31,054397,4.300,-0.126711,21.4464000
2012-06-29,054397,4.500,0.055623,22.3124000
2012-07-31,054397,4.600,0.020957,22.7800000
2012-08-31,054397,4.700,0.032046,23.5100000
2012-09-28,054397,4.900,0.032752,24.2800000
2012-10-31,054397,4.800,-0.013591,23.9500000
2012-11-30,054397,4.700,-0.020042,23.4700000
2012-12-31,054397,4.700,0.015364,23.5500000
2013-01-31,054397,4.900,0.048832,24.7000000
2013-02-28,054397,4.800,-0.024291,24.1000000
2013-03-28,054397,4.800,0.005809,24.2400000
2013-04-30,054397,4.900,0.002475,24.3000000
2013-05-31,054397,4.900,0.006173,24.4500000
2013-06-28,054397,4.600,-0.042388,23.0700000
2013-07-31,054397,4.800,0.050715,24.2400000
2013-08-30,054397,4.800,-0.007426,24.0600000
2013-09-30,054397,5.000,0.030341,24.7900000
2013-10-31,054397,5.200,0.039532,25.7700000
2013-11-29,054397,5.100,-0.002716,25.7000000
2013-12-31,054397,5.200,0.022864,25.9800000
2014-01-31,054397,4.800,-0.070824,24.1400000
2014-02-28,054397,5.100,0.058824,25.5600000
2014-03-31,054397,5.200,0.019171,26.0500000
2014-04-30,054397,5.500,0.058733,27.5800000
2014-05-30,054397,5.600,0.006526,27.7600000
2014-06-30,054397,5.700,0.044198,28.6400000
2014-07-31,054397,8.300,-0.039455,27.5100000
2014-08-29,054397,8.400,0.019993,28.0600000
2014-09-30,054397,7.700,-0.082680,25.7400000
2014-10-31,054397,7.300,-0.054779,24.3300000
2014-11-28,054397,6.600,-0.089601,22.1500000
2014-12-31,054397,12.900,-0.024206,21.4300000
2015-01-30,054397,18.300,-0.049930,20.3600000
2015-02-27,054397,28.100,0.060413,21.5900000
2015-03-31,054397,30.900,-0.044928,20.6200000
2015-04-30,054397,36.200,0.096508,22.6100000
2015-05-29,054397,32.000,-0.057939,21.3000000
2015-06-30,054397,30.400,-0.036932,20.2400000
2015-07-31,054397,28.200,-0.069664,18.8300000
2015-08-31,054397,24.700,-0.061604,17.6700000
2015-09-30,054397,26.400,-0.065082,16.5200000
2015-10-30,054397,29.500,0.115012,18.4200000
2015-11-30,054397,31.200,-0.004886,18.3300000
2015-12-31,054397,28.000,-0.085931,16.4700000
2016-01-29,054397,27.100,-0.034001,15.9100000
2016-02-29,054397,28.300,-0.010057,15.7500000
2016-03-31,054397,33.100,0.104762,17.4000000
2016-04-29,054397,36.000,0.090230,18.9700000
2016-05-31,054397,35.100,-0.027412,18.4500000
2016-06-30,054397,37.900,0.040596,18.9300000
2016-07-29,054397,37.000,-0.021659,18.5200000
2016-08-31,054397,37.400,0.010799,18.7200000
2016-09-30,054397,36.500,0.025107,19.1900000
2016-10-31,054397,36.000,-0.012507,18.9500000
2016-11-30,054397,37.900,0.053298,19.9600000
2016-12-30,054397,38.900,0.041175,20.4900000
2017-01-31,054397,37.600,-0.033675,19.8000000
2017-02-28,054397,36.900,-0.019697,19.4100000
2017-03-31,054397,35.100,0.003606,19.4800000
2017-04-28,054397,34.400,-0.018480,19.1200000
2017-05-31,054397,34.000,-0.010983,18.9100000
2017-06-30,054397,32.900,-0.018023,18.2700000
2017-07-31,054397,34.200,0.041051,19.0200000
2017-08-31,054397,33.400,-0.023659,18.5700000
2017-09-29,054397,34.400,0.090468,20.2500000
2017-10-31,054397,35.200,0.021728,20.6900000
2017-11-30,054397,33.600,0.015950,21.0200000
2017-12-29,054397,34.500,0.044528,21.5700000
2018-01-31,054397,35.800,0.038479,22.4000000
2018-02-28,054397,32.900,-0.081696,20.5700000
2018-03-29,054397,33.300,0.013126,20.8400000
2018-04-30,054397,36.400,0.092610,22.7700000
2018-05-31,054397,41.600,0.014493,23.1000000
2018-06-29,054397,41.500,0.009391,23.0400000
2018-07-31,054397,47.000,0.019097,23.4800000
2018-08-31,054397,47.900,-0.028961,22.8000000
2018-09-28,054397,50.000,0.044298,23.8100000
2018-10-31,054397,45.100,-0.097858,21.4800000
2018-11-30,054397,45.500,-0.037709,20.6700000
2018-12-31,054397,44.400,-0.088924,18.5200000
2019-01-31,054397,48.500,0.091253,20.2100000
2019-02-28,054397,49.700,0.023751,20.6900000
2019-03-29,054397,50.400,0.014016,20.9800000
2019-04-30,054397,50.600,0.004290,21.0700000
2019-05-31,054397,46.400,-0.083531,19.3100000
2019-06-28,054397,48.400,0.061947,20.1800000
2019-07-31,054397,50.700,-0.034688,19.4800000
2019-08-30,054397,46.700,-0.077515,17.9700000
2019-09-30,054397,49.100,0.050083,18.8700000
2019-10-31,054397,48.700,-0.007419,18.7300000
2019-11-29,054397,46.000,0.002670,18.7800000
2019-12-31,054397,46.700,0.055728,19.0400000
2020-01-31,054397,42.800,-0.100840,17.1200000
2020-02-28,054397,36.500,-0.147196,14.6000000
2020-03-31,054397,31.400,-0.283562,10.4600000
2020-04-30,054397,38.900,0.163480,12.1700000
2020-05-29,054397,43.000,0.008217,12.2700000
2020-06-30,054397,46.800,0.008859,12.1500000
2020-07-31,054397,49.200,-0.023045,11.8700000
2020-08-31,054397,50.000,0.014322,12.0400000
2020-09-30,054397,41.400,-0.128738,10.4900000
2020-10-30,054397,37.000,-0.060057,9.8600000
2020-11-30,054397,47.300,0.280933,12.6300000
2020-12-31,054397,51.900,0.049585,12.9800000
2021-01-29,054397,59.100,0.023112,13.2800000
2021-02-26,054397,68.300,0.155120,15.3400000
2021-03-31,054397,69.500,0.018905,15.6300000
2021-04-30,054397,69.500,-0.000640,15.6200000
2021-05-28,054397,75.100,0.056338,16.5000000
2021-06-30,054397,79.000,0.043433,16.9800000
2021-07-30,054397,79.800,-0.069494,15.8000000
2021-08-31,054397,80.100,0.003797,15.8600000
2021-09-30,054397,88.800,0.109079,17.5900000
2021-10-29,054397,95.000,0.069926,18.8200000
2021-11-30,054397,85.400,-0.064293,17.6100000
2021-12-31,054397,86.600,0.040934,17.8600000
2022-01-31,054397,94.600,0.138858,20.3400000
2022-02-28,054397,99.300,0.028132,20.9122000
2022-03-31,054397,112.400,0.074727,22.4749000
2022-04-29,054397,118.300,-0.006621,22.3261000
2022-05-31,054397,147.900,0.132173,25.2770000
2022-06-30,054397,120.200,-0.145320,21.2820000
2022-07-29,054397,123.700,0.076290,22.9056000
2022-08-31,054397,122.400,0.027286,23.5306000
2022-09-30,054397,110.700,-0.095539,21.2825000
2022-10-31,054397,131.000,0.183508,25.1880000
2022-11-30,054397,135.600,0.035394,26.0795000
2022-12-30,054397,125.800,-0.042338,24.1862000
2023-01-31,054397,129.300,0.027921,24.8615000
2023-02-28,054397,115.600,-0.050918,23.5956000
2023-03-31,054397,114.500,-0.010032,23.3589000
2023-04-28,054397,119.300,0.042399,24.3493000
2023-05-31,054397,104.000,-0.091518,22.1209000
2023-06-30,054397,108.700,0.063560,23.1254000
2023-07-31,054397,115.800,0.065495,24.6400000
2023-08-31,054397,117.800,0.017512,25.0715000
2023-09-29,054397,121.600,0.032120,25.8768000
2023-10-31,054397,116.400,-0.042606,24.7743000
2023-11-30,054397,115.900,-0.004852,24.6541000
2023-12-29,054397,107.400,0.003720,24.1413000
2024-01-31,054397,98.600,-0.003513,24.0565000
2024-02-29,054397,95.900,0.022634,24.6010000
2024-03-28,054397,103.700,0.080785,26.5884000
2024-04-30,054397,105.000,0.012968,26.9332000
2024-05-31,054397,113.800,0.005592,27.0838000
2024-06-28,054397,111.600,-0.026571,25.9504000
2024-07-31,054397,103.100,0.006208,26.1115000
2024-08-30,054397,102.000,-0.011321,25.8159000
2024-09-30,054397,94.400,-0.037225,24.8549000
2024-10-31,054397,93.400,-0.010960,24.5825000
2024-11-29,054397,96.000,0.027727,25.2641000
2024-12-31,054397,83.800,-0.068090,22.9574000
2025-01-31,054397,85.300,0.018260,23.3766000
2025-02-28,054397,84.300,0.015259,23.7333000
2025-03-31,054397,83.600,0.051927,24.9657000
2025-04-30,054397,74.300,-0.111533,22.1812000
2025-05-30,054397,76.500,0.029944,22.8454000
2025-06-30,054397,79.600,0.058073,23.7581000
2025-07-31,054397,81.500,0.024484,24.3398000
2025-08-29,054397,80.900,0.038760,25.2832000
2025-09-30,054397,80.500,-0.004521,25.1689000
2025-10-31,054397,81.600,0.013711,25.5140000
2025-11-28,054397,79.500,0.022258,26.0819000
2025-12-31,054397,74.000,-0.048010,23.4831000
2026-01-30,054397,88.800,0.050057,24.6586000
2026-02-27,054397,117.300,0.081067,26.6576000
2026-03-31,054397,144.000,-0.015350,26.1739000
2026-04-30,054397,289.900,0.070161,28.0103000
2026-05-29,054397,387.100,-0.009429,27.7462000
2026-06-30,054397,419.500,0.010966,27.9697000
2012-05-31,055637,0.100,,
2012-06-29,055637,6.200,R,20.3281000
2012-07-31,055637,26.700,0.045262,21.2482000
2012-08-31,055637,60.900,-0.013338,20.9648000
2012-09-28,055637,88.400,0.020494,21.2839000
2012-10-31,055637,101.100,-0.000944,21.2638000
2012-11-30,055637,116.000,-0.017669,20.8881000
2012-12-31,055637,123.700,0.000979,20.7700000
2013-01-31,055637,172.700,0.072080,22.2671000
2013-02-28,055637,214.600,0.008735,22.4616000
2013-03-28,055637,282.200,0.050758,23.6017000
2013-04-30,055637,336.400,0.028811,24.2817000
2013-05-31,055637,367.600,-0.051146,23.0398000
2013-06-28,055637,381.500,0.012094,23.1170000
2013-07-31,055637,423.200,0.028248,23.7700000
2013-08-30,055637,410.300,-0.035759,22.9200000
2013-09-30,055637,422.500,0.004842,22.8310000
2013-10-31,055637,433.100,0.025124,23.4046000
2013-11-29,055637,438.800,-0.008178,23.2132000
2013-12-31,055637,443.800,0.020323,23.4700000
2014-01-31,055637,448.800,0.008896,23.6788000
2014-02-28,055637,468.700,0.009646,23.9072000
2014-03-31,055637,481.700,0.024158,24.2625000
2014-04-30,055637,535.900,0.041562,25.2709000
2014-05-30,055637,746.100,0.014337,25.6332000
2014-06-30,055637,788.500,0.060563,26.9999000
2014-07-31,055637,801.300,-0.028733,26.2241000
2014-08-29,055637,881.500,0.075381,28.2009000
2014-09-30,055637,862.500,-0.030232,27.1172000
2014-10-31,055637,947.000,0.022370,27.7238000
2014-11-28,055637,925.800,0.004098,27.8374000
2014-12-31,055637,1040.700,0.017332,28.0847000
2015-01-30,055637,1111.300,-0.010953,27.7771000
2015-02-27,055637,1180.900,-0.012658,27.4255000
2015-03-31,055637,1133.100,-0.013626,26.8500000
2015-04-30,055637,1172.300,0.026000,27.5481000
2015-05-29,055637,1187.700,-0.012418,27.2060000
2015-06-30,055637,1121.200,-0.059423,25.3645000
2015-07-31,055637,1049.100,-0.015376,24.9745000
2015-08-31,055637,975.700,-0.046035,23.8248000
2015-09-30,055637,868.300,-0.072413,21.8683000
2015-10-30,055637,952.600,0.053315,23.0342000
2015-11-30,055637,920.400,-0.063193,21.5786000
2015-12-31,055637,890.100,-0.052558,20.1794000
2016-01-29,055637,875.000,-0.004485,20.0889000
2016-02-29,055637,927.400,0.028025,20.6519000
2016-03-31,055637,1030.100,0.066647,21.8213000
2016-04-29,055637,1117.200,0.048943,22.8893000
2016-05-31,055637,1172.900,0.018629,23.3157000
2016-06-30,055637,1282.800,0.067201,24.6423000
2016-07-29,055637,1326.700,0.008071,24.8412000
2016-08-31,055637,1318.500,-0.014452,24.4822000
2016-09-30,055637,1379.300,0.043090,25.3045000
2016-10-31,055637,1379.000,-0.021664,24.7563000
2016-11-30,055637,1426.300,-0.009319,24.5256000
2016-12-30,055637,1544.500,0.037184,25.1915000
2017-01-31,055637,1594.200,-0.000353,25.1826000
2017-02-28,055637,1644.000,0.006647,25.3500000
2017-03-31,055637,1641.200,0.006582,25.2837000
2017-04-28,055637,1663.600,-0.000977,25.2590000
2017-05-31,055637,1655.600,-0.012970,24.9314000
2017-06-30,055637,1660.000,-0.004298,24.5337000
2017-07-31,055637,1761.200,0.035013,25.3927000
2017-08-31,055637,1800.300,-0.016832,24.9653000
2017-09-29,055637,1838.100,0.001232,24.7856000
2017-10-31,055637,1911.000,-0.009703,24.5451000
2017-11-30,055637,2076.100,0.002237,24.6000000
2017-12-29,055637,2270.000,0.004960,24.5102000
2018-01-31,055637,2379.100,0.000641,24.5259000
2018-02-28,055637,2193.700,-0.076527,22.6490000
2018-03-29,055637,2091.800,-0.023639,21.8771000
2018-04-30,055637,2195.400,0.037135,22.6895000
2018-05-31,055637,2230.300,0.013685,23.0000000
2018-06-29,055637,2221.400,0.022554,23.2500000
2018-07-31,055637,2287.100,0.028882,23.9215000
2018-08-31,055637,2313.000,0.003925,24.0154000
2018-09-28,055637,2274.300,-0.014856,23.4436000
2018-10-31,055637,2117.800,-0.034423,22.6366000
2018-11-30,055637,2233.500,0.031414,23.3477000
2018-12-31,055637,2098.800,-0.069469,21.4400000
2019-01-31,055637,2244.100,0.096437,23.5076000
2019-02-28,055637,2292.100,0.019789,23.9728000
2019-03-29,055637,2409.000,0.039675,24.7047000
2019-04-30,055637,2432.700,0.003242,24.7848000
2019-05-31,055637,2414.800,-0.009990,24.5372000
2019-06-28,055637,2514.800,0.032789,25.1217000
2019-07-31,055637,2506.200,-0.005406,24.9859000
2019-08-30,055637,2544.600,0.012799,25.3057000
2019-09-30,055637,2600.300,0.019118,25.5422000
2019-10-31,055637,2565.200,-0.027848,24.8309000
2019-11-29,055637,2582.300,-0.012887,24.5109000
2019-12-31,055637,2820.500,0.050860,25.4894000
2020-01-31,055637,2847.600,0.007760,25.6872000
2020-02-28,055637,2597.900,-0.083119,23.5521000
2020-03-31,055637,1787.800,-0.232604,17.8152000
2020-04-30,055637,1874.500,0.141739,20.3403000
2020-05-29,055637,1969.100,0.045363,21.2630000
2020-06-30,055637,1838.600,-0.049390,19.9297000
2020-07-31,055637,1864.500,0.031425,20.5560000
2020-08-31,055637,1839.300,-0.011919,20.3110000
2020-09-30,055637,1687.600,-0.052516,19.0246000
2020-10-30,055637,1687.800,0.034545,19.6818000
2020-11-30,055637,1762.300,0.074597,21.1500000
2020-12-31,055637,1719.500,0.003345,20.9900000
2021-01-29,055637,1736.800,0.020962,21.4300000
2021-02-26,055637,1707.400,-0.014466,21.1200000
2021-03-31,055637,1858.100,0.089360,22.7900000
2021-04-30,055637,1971.800,0.052655,23.9900000
2021-05-28,055637,2027.400,0.015840,24.3700000
2021-06-30,055637,2059.300,0.010796,24.4300000
2021-07-30,055637,2045.500,-0.008596,24.2200000
2021-08-31,055637,2063.700,0.009083,24.4400000
2021-09-30,055637,2011.400,-0.022668,23.6800000
2021-10-29,055637,2129.100,0.056588,25.0200000
2021-11-30,055637,2056.600,-0.043165,23.9400000
2021-12-31,055637,2149.600,0.048758,24.9100000
2022-01-31,055637,2220.200,0.024488,25.5200000
2022-02-28,055637,2264.600,0.019201,26.0100000
2022-03-31,055637,2466.600,0.069744,27.6400000
2022-04-29,055637,2442.700,-0.034732,26.6800000
2022-05-31,055637,2661.300,0.051724,28.0600000
2022-06-30,055637,2424.300,-0.075351,25.7400000
2022-07-29,055637,2624.300,0.079254,27.7800000
2022-08-31,055637,2638.000,0.000000,27.7800000
2022-09-30,055637,2369.100,-0.096237,24.8700000
2022-10-31,055637,2570.200,0.073583,26.7000000
2022-11-30,055637,2704.100,0.044944,27.9000000
2022-12-30,055637,2585.900,-0.035903,26.6900000
2023-01-31,055637,2649.700,0.030723,27.5100000
2023-02-28,055637,2485.800,-0.029080,26.7100000
2023-03-31,055637,2459.500,0.008612,26.6600000
2023-04-28,055637,2486.100,0.017254,27.1200000
2023-05-31,055637,2367.800,-0.033555,26.2100000
2023-06-30,055637,2417.300,0.041832,27.0100000
2023-07-31,055637,2501.100,0.037023,28.0100000
2023-08-31,055637,2439.100,-0.018922,27.4800000
2023-09-29,055637,2357.700,-0.028657,26.4200000
2023-10-31,055637,2273.200,-0.004164,26.3100000
2023-11-30,055637,2361.600,0.050551,27.6400000
2023-12-29,055637,2342.000,0.009861,27.6700000
2024-01-31,055637,2286.800,-0.015540,27.2400000
2024-02-29,055637,2329.100,0.029736,28.0500000
2024-03-28,055637,2439.100,0.062345,29.5300000
2024-04-30,055637,2416.800,-0.002709,29.4500000
2024-05-31,055637,2532.000,0.043803,30.7400000
2024-06-28,055637,2490.500,0.000381,30.4400000
2024-07-31,055637,2599.400,0.047635,31.8900000
2024-08-30,055637,2700.300,0.035748,33.0300000
2024-09-30,055637,2737.200,0.025171,33.5600000
2024-10-31,055637,2789.800,0.016091,34.1000000
2024-11-29,055637,3150.600,0.119062,38.1600000
2024-12-31,055637,2955.400,-0.060743,35.5800000
2025-01-31,055637,3109.300,0.033446,36.7700000
2025-02-28,055637,3224.400,0.016590,37.3800000
2025-03-31,055637,3256.000,0.009148,37.4200000
2025-04-30,055637,3119.000,-0.033672,36.1600000
2025-05-30,055637,3198.100,0.019912,36.8800000
2025-06-30,055637,3279.000,0.023617,37.4500000
2025-07-31,055637,3334.800,0.021629,38.2600000
2025-08-29,055637,3321.100,-0.007580,37.9700000
2025-09-30,055637,3371.200,0.015391,38.2400000
2025-10-31,055637,3311.900,-0.017782,37.5600000
2025-11-28,055637,3489.500,0.045000,39.2502000
2025-12-31,055637,3382.000,-0.029389,37.8058000
2026-01-30,055637,3589.100,0.060044,40.0758000
2026-02-27,055637,3935.300,0.091000,43.7227000
2026-03-31,055637,3995.600,0.006064,43.6892000
2026-04-30,055637,4073.300,0.022781,44.6845000
2026-05-29,055637,3934.600,-0.040347,42.8816000
2026-06-30,055637,4057.600,0.021910,43.5109000
2013-01-31,057687,0.200,,
2013-02-28,057687,3.000,R,19.9700000
2013-03-28,057687,6.200,0.046382,20.5600000
2013-04-30,057687,8.300,0.005350,20.6700000
2013-05-31,057687,15.500,0.002903,20.7300000
2013-06-28,057687,19.800,0.023959,20.8900000
2013-07-31,057687,24.000,0.000000,20.8900000
2013-08-30,057687,25.600,-0.018191,20.5100000
2013-09-30,057687,29.700,0.014879,20.4800000
2013-10-31,057687,33.500,0.023926,20.9700000
2013-11-29,057687,33.800,0.008584,21.1500000
2013-12-31,057687,35.600,0.006787,20.9500000
2014-01-31,057687,36.700,0.001432,20.9800000
2014-02-28,057687,33.600,0.001430,21.0100000
2014-03-31,057687,34.800,0.020746,21.1100000
2014-04-30,057687,36.700,0.023685,21.6100000
2014-05-30,057687,38.500,0.019435,22.0300000
2014-06-30,057687,42.100,0.048152,22.7800000
2014-07-31,057687,41.100,-0.025461,22.2000000
2014-08-29,057687,43.300,0.054054,23.4000000
2014-09-30,057687,45.800,-0.007765,22.9200000
2014-10-31,057687,45.500,-0.031850,22.1900000
2014-11-28,057687,46.800,-0.006432,21.7500000
2014-12-31,057687,58.800,-0.034483,21.0000000
2015-01-30,057687,58.000,-0.012857,20.7300000
2015-02-27,057687,62.100,0.013507,20.7100000
2015-03-31,057687,59.900,-0.036214,19.9600000
2015-04-30,057687,62.400,0.042084,20.8000000
2015-05-29,057687,60.400,-0.017442,20.1400000
2015-06-30,057687,55.300,-0.069513,18.7400000
2015-07-31,057687,52.900,-0.027215,18.2300000
2015-08-31,057687,45.800,-0.086447,16.3600000
2015-09-30,057687,36.800,-0.166870,13.6300000
2015-10-30,057687,38.000,0.092443,14.8900000
2015-11-30,057687,34.100,-0.082515,13.3600000
2015-12-31,057687,30.200,-0.056886,12.6000000
2016-01-29,057687,24.500,-0.154762,10.6500000
2016-02-29,057687,23.500,-0.008780,10.2100000
2016-03-31,057687,26.100,0.137120,11.6100000
2016-04-29,057687,30.800,0.180017,13.7000000
2016-05-31,057687,31.400,0.038906,13.9500000
2016-06-30,057687,33.500,0.045061,14.5786000
2016-07-29,057687,35.100,0.025476,14.9500000
2016-08-31,057687,35.500,0.008749,14.8100000
2016-09-30,057687,37.000,0.018906,15.0900000
2016-10-31,057687,34.300,-0.033797,14.5800000
2016-11-30,057687,35.100,0.042192,14.9200000
2016-12-30,057687,37.000,0.055630,15.7500000
2017-01-31,057687,37.800,0.020317,16.0700000
2017-02-28,057687,39.300,0.017849,16.0600000
2017-03-31,057687,40.800,-0.004981,15.9800000
2017-04-28,057687,39.500,-0.011264,15.8000000
2017-05-31,057687,35.400,-0.055598,14.7500000
2017-06-30,057687,33.000,-0.005424,14.6700000
2017-07-31,057687,33.600,0.019087,14.9500000
2017-08-31,057687,28.100,-0.043391,14.0400000
2017-09-29,057687,28.200,0.004986,14.1100000
2017-10-31,057687,26.400,-0.038979,13.5600000
2017-11-30,057687,23.300,-0.024913,12.9700000
2017-12-29,057687,23.600,0.037779,13.4600000
2018-01-31,057687,24.300,0.062407,14.3000000
2018-02-28,057687,20.200,-0.121382,12.2300000
2018-03-29,057687,18.900,-0.064595,11.4400000
2018-04-30,057687,20.000,0.062063,12.1500000
2018-05-31,057687,21.400,0.085351,12.9700000
2018-06-29,057687,20.800,-0.026985,12.6200000
2018-07-31,057687,21.700,0.072900,13.5400000
2018-08-31,057687,22.200,0.010731,13.4600000
2018-09-28,057687,21.800,-0.017831,13.2200000
2018-10-31,057687,20.400,-0.065053,12.3600000
2018-11-30,057687,19.800,-0.017520,11.9900000
2018-12-31,057687,17.800,-0.074229,11.1000000
2019-01-31,057687,18.900,0.100901,12.2200000
2019-02-28,057687,17.900,-0.001622,11.9200000
2019-03-29,057687,19.100,0.032718,12.3100000
2019-04-30,057687,18.700,-0.021121,12.0500000
2019-05-31,057687,18.100,-0.013985,11.6600000
2019-06-28,057687,18.900,0.012864,11.8100000
2019-07-31,057687,15.400,0.003387,11.8500000
2019-08-30,057687,13.900,-0.074650,10.6906000
2019-09-30,057687,13.600,0.014209,10.8425000
2013-07-31,058997,5.000,,
2013-08-30,058997,16.100,R,14.6400000
2013-09-30,058997,18.000,0.025273,15.0100000
2013-10-31,058997,20.300,0.041972,15.6400000
2013-11-29,058997,21.800,0.000701,15.5600000
2013-12-31,058997,24.400,0.047625,16.2800000
2014-01-31,058997,26.100,0.003686,16.3400000
2014-02-28,058997,29.100,0.022078,16.6100000
2014-03-31,058997,64.800,0.013847,16.8400000
2014-04-30,058997,76.900,0.049287,17.6700000
2014-05-30,058997,125.700,0.044242,18.3600000
2014-06-30,058997,151.700,0.080065,19.8300000
2014-07-31,058997,160.800,-0.034796,19.1400000
2014-08-29,058997,202.000,0.082508,20.6100000
2014-09-30,058997,183.000,-0.034934,19.8900000
2014-10-31,058997,184.400,-0.019105,19.5100000
2014-11-28,058997,179.700,-0.024767,18.9200000
2014-12-31,058997,177.300,-0.018445,18.5600000
2015-01-30,058997,170.800,-0.036099,17.8900000
2015-02-27,058997,172.600,0.049241,18.6600000
2015-03-31,058997,178.900,0.004287,18.7400000
2015-04-30,058997,191.000,0.034685,19.3900000
2015-05-29,058997,228.800,-0.034160,18.6000000
2015-06-30,058997,205.200,-0.036559,17.9200000
2015-07-31,058997,97.700,-0.035156,17.2900000
2015-08-31,058997,98.000,-0.083430,15.6900000
2015-09-30,058997,83.500,-0.135118,13.5700000
2015-10-30,058997,94.700,0.089904,14.7900000
2015-11-30,058997,97.700,-0.079005,13.4700000
2015-12-31,058997,87.700,-0.137342,11.6200000
2016-01-29,058997,80.900,-0.078313,10.7100000
2016-02-29,058997,79.000,-0.007823,10.4700000
2016-03-31,058997,77.700,0.098376,11.5000000
2016-04-29,058997,85.100,0.112174,12.7900000
2016-05-31,058997,89.500,0.027140,12.9800000
2016-06-30,058997,94.000,0.065485,13.8300000
2016-07-29,058997,93.000,0.011569,13.9900000
2016-08-31,058997,96.400,0.023721,14.1700000
2016-09-30,058997,103.400,0.072689,15.2000000
2016-10-31,058997,114.900,-0.055263,14.3600000
2016-11-30,058997,130.500,0.043102,14.8200000
2016-12-30,058997,138.200,0.017507,14.8600000
2017-01-31,058997,147.300,0.006729,14.9600000
2017-02-28,058997,159.300,-0.008871,14.6800000
2017-03-31,058997,265.300,0.004087,14.7400000
2017-04-28,058997,270.700,-0.017639,14.4800000
2017-05-31,058997,273.300,-0.049089,13.6300000
2017-06-30,058997,287.800,0.013206,13.8100000
2017-07-31,058997,302.400,0.032585,14.2600000
2017-08-31,058997,305.400,-0.042983,13.5100000
2017-09-29,058997,315.000,0.019985,13.7800000
2017-10-31,058997,297.300,-0.049347,13.1000000
2017-11-30,058997,306.100,-0.012582,12.8000000
2017-12-29,058997,358.400,0.061640,13.5700000
2018-01-31,058997,385.300,0.019897,13.8400000
2018-02-28,058997,392.300,-0.102509,12.2800000
2018-03-29,058997,387.200,-0.043160,11.7500000
2018-04-30,058997,443.700,0.063830,12.5000000
2018-05-31,058997,457.500,0.058279,13.0700000
2018-06-29,058997,455.500,0.020658,13.3400000
2018-07-31,058997,527.500,0.036732,13.8300000
2018-08-31,058997,543.000,-0.002240,13.6400000
2018-09-28,058997,540.700,-0.019795,13.3700000
2018-10-31,058997,546.300,-0.080030,12.3000000
2018-11-30,058997,540.400,-0.003598,12.1300000
2018-12-31,058997,552.200,-0.097053,10.9300000
2019-01-31,058997,746.200,0.161940,12.7000000
2019-02-28,058997,764.100,0.008015,12.6300000
2019-03-29,058997,820.000,0.044339,13.1900000
2019-04-30,058997,844.000,-0.009856,13.0600000
2019-05-31,058997,826.900,-0.022776,12.5900000
2019-06-28,058997,825.900,0.030977,12.9800000
2019-07-31,058997,823.300,-0.030817,12.5800000
2019-08-30,058997,711.600,-0.034687,11.9600000
2019-09-30,058997,593.900,0.026756,12.2800000
2019-10-31,058997,598.100,-0.044788,11.7300000
2019-11-29,058997,611.800,-0.034038,11.1500000
2019-12-31,058997,816.000,0.100448,12.2700000
2020-01-31,058997,778.100,-0.049715,11.6600000
2020-02-28,058997,691.500,-0.102035,10.3000000
2020-03-31,058997,455.500,-0.400971,6.1700000
2020-04-30,058997,537.300,0.328471,24.5900000
2020-05-29,058997,551.300,0.069042,25.6900000
2020-06-30,058997,513.700,-0.029194,24.9400000
2020-07-31,058997,503.000,-0.001604,24.9000000
2020-08-31,058997,495.900,0.027826,25.0500000
2020-09-30,058997,433.500,-0.118962,22.0700000
2020-10-30,058997,450.200,0.022655,22.5700000
2020-11-30,058997,538.100,0.208584,26.5900000
2020-12-31,058997,570.000,0.013915,26.9600000
2021-01-29,058997,606.900,0.044881,28.1700000
2021-02-26,058997,640.200,0.037984,29.2400000
2021-03-31,058997,714.800,0.076949,31.4900000
2021-04-30,058997,776.600,0.055256,33.2300000
2021-05-28,058997,815.500,0.065622,34.8800000
2021-06-30,058997,745.600,0.040998,36.3100000
2021-07-30,058997,705.400,-0.043790,34.7200000
2021-08-31,058997,676.100,-0.010946,33.8400000
2021-09-30,058997,737.000,0.059397,35.8500000
2021-10-29,058997,803.400,0.063319,38.1200000
2021-11-30,058997,738.100,-0.072676,34.8900000
2021-12-31,058997,756.600,0.012689,35.3100000
2022-01-31,058997,851.300,0.090909,38.5200000
2022-02-28,058997,888.700,0.045672,39.7700000
2022-03-31,058997,948.500,0.074428,42.7300000
2022-04-29,058997,942.700,-0.025041,41.6600000
2022-05-31,058997,1031.500,0.064537,43.8100000
2022-06-30,058997,909.100,-0.129423,38.1400000
2022-07-29,058997,993.000,0.103304,42.0800000
2022-08-31,058997,994.700,0.006244,41.7700000
2022-09-30,058997,907.000,-0.101987,37.5100000
2022-10-31,058997,1045.400,0.123434,42.1400000
2022-11-30,058997,1088.300,0.045000,43.4700000
2022-12-30,058997,1057.800,-0.062572,40.7500000
2023-01-31,058997,1095.300,0.042209,42.4700000
2023-02-28,058997,980.700,-0.040708,40.2100000
2023-03-31,058997,934.300,-0.005223,40.0000000
2023-04-28,058997,954.600,0.017750,40.7100000
2023-05-31,058997,890.300,-0.038922,38.5600000
2023-06-30,058997,946.700,0.078838,41.6000000
2023-07-31,058997,973.500,0.041587,43.3300000
2023-08-31,058997,954.200,-0.000139,42.7200000
2023-09-29,058997,941.100,-0.007959,42.3800000
2023-10-31,058997,940.200,0.001180,42.4300000
2023-11-30,058997,999.200,0.075189,44.9900000
2023-12-29,058997,976.500,-0.010669,44.5100000
2024-01-31,058997,984.900,0.003595,44.6700000
2024-02-29,058997,1011.600,0.039458,45.8000000
2024-03-28,058997,1084.700,0.067904,48.9100000
2024-04-30,058997,1378.100,-0.009201,48.4600000
2024-05-31,058997,1478.700,0.040122,49.7400000
2024-06-28,058997,1582.200,0.025533,51.0100000
2024-07-31,058997,1753.000,0.035287,52.8100000
2024-08-30,058997,1858.900,0.038407,54.1500000
2024-09-30,058997,1886.700,0.001847,54.2500000
2024-10-31,058997,1997.700,0.049217,56.9200000
2024-11-29,058997,2499.400,0.141056,64.2500000
2024-12-31,058997,2394.400,-0.059245,60.3900000
2025-01-31,058997,2784.600,0.038748,62.7300000
2025-02-28,058997,2843.900,0.016547,63.0700000
2025-03-31,058997,2777.600,0.013001,63.8900000
2025-04-30,058997,2587.900,-0.058695,60.1400000
2025-05-30,058997,2599.900,0.021415,60.7000000
2025-06-30,058997,2665.800,0.032619,62.6800000
2025-07-31,058997,2632.700,-0.009094,62.1100000
2025-08-29,058997,2603.600,0.001159,61.4400000
2025-09-30,058997,2655.300,0.019368,62.6300000
2025-10-31,058997,2466.300,-0.067699,58.3900000
2025-11-28,058997,2650.900,0.054706,60.8300000
2025-12-31,058997,2610.200,-0.004262,60.4900000
2026-01-30,058997,2852.100,0.082493,65.4800000
2026-02-27,058997,3234.700,0.097980,71.1100000
2026-03-31,058997,3294.400,0.039235,73.9000000
2026-04-30,058997,3527.900,0.025846,75.8100000
2026-05-29,058997,3542.700,-0.043890,71.7400000
2026-06-30,058997,3484.000,0.024672,73.5100000
2013-09-30,059365,4.000,,
2013-10-31,059365,4.200,R,41.6200000
2013-11-29,059365,8.300,0.000481,41.6400000
2013-12-31,059365,27.400,0.015167,42.2100000
2014-01-31,059365,26.800,-0.023691,41.2100000
2014-02-28,059365,91.800,0.036399,42.7100000
2014-03-31,059365,142.100,0.013536,43.0600000
2014-04-30,059365,153.500,0.017882,43.8300000
2014-05-30,059365,164.400,0.027607,45.0400000
2014-06-30,059365,187.300,0.028563,45.6800000
2014-07-31,059365,206.500,-0.006567,45.3800000
2014-08-29,059365,215.900,0.023138,46.4300000
2014-09-30,059365,222.800,-0.025514,45.0200000
2014-10-31,059365,240.700,0.018214,45.8400000
2014-11-28,059365,249.300,0.007199,46.1700000
2014-12-31,059365,264.300,-0.016105,45.1700000
2015-01-30,059365,283.800,-0.002657,45.0500000
2015-02-27,059365,309.400,0.025083,46.1800000
2015-03-31,059365,308.500,-0.029461,44.7000000
2015-04-30,059365,329.300,0.037584,46.3800000
2015-05-29,059365,328.900,-0.015093,45.6800000
2015-06-30,059365,329.600,-0.023195,44.2400000
2015-07-31,059365,370.100,0.020344,45.1400000
2015-08-31,059365,385.500,-0.061365,42.3700000
2015-09-30,059365,396.100,-0.031024,40.8300000
2015-10-30,059365,467.700,0.060495,43.3000000
2015-11-30,059365,465.000,-0.023788,42.2700000
2015-12-31,059365,497.300,-0.021099,41.1000000
2016-01-29,059365,512.300,-0.014599,40.5000000
2016-02-29,059365,536.700,0.007654,40.8100000
2016-03-31,059365,599.800,0.069002,43.4700000
2016-04-29,059365,622.300,0.018864,44.2900000
2016-05-31,059365,630.300,-0.004741,44.0800000
2016-06-30,059365,648.900,0.028075,44.9100000
2016-07-29,059365,677.000,0.025384,46.0500000
2016-08-31,059365,666.300,-0.028882,44.7200000
2016-09-30,059365,677.000,0.012607,44.9800000
2016-10-31,059365,669.700,-0.033126,43.4900000
2016-11-30,059365,663.300,-0.022304,42.5200000
2016-12-30,059365,684.100,0.028598,43.3000000
2017-01-31,059365,728.900,0.020323,44.1800000
2017-02-28,059365,777.100,0.019692,45.0500000
2017-03-31,059365,809.900,0.013121,45.5000000
2017-04-28,059365,873.500,0.010330,45.9700000
2017-05-31,059365,913.900,0.038068,47.7200000
2017-06-30,059365,928.300,-0.009833,46.7700000
2017-07-31,059365,895.400,0.023733,47.8800000
2017-08-31,059365,909.900,0.010860,48.4000000
2017-09-29,059365,878.900,-0.000466,48.0300000
2017-10-31,059365,875.600,-0.003748,47.8500000
2017-11-30,059365,896.000,0.023197,48.9600000
2017-12-29,059365,864.400,0.005379,48.8300000
2018-01-31,059365,874.500,0.011878,49.4100000
2018-02-28,059365,827.200,-0.062133,46.3400000
2018-03-29,059365,828.900,-0.004977,45.9200000
2018-04-30,059365,849.300,0.016115,46.6600000
2018-05-31,059365,832.300,-0.014574,45.9800000
2018-06-29,059365,841.500,0.007012,45.8600000
2018-07-31,059365,824.600,0.033362,47.3900000
2018-08-31,059365,802.400,-0.006963,47.0600000
2018-09-28,059365,792.400,0.001603,46.7500000
2018-10-31,059365,773.400,-0.035508,45.0900000
2018-11-30,059365,802.100,0.037259,46.7700000
2018-12-31,059365,759.800,-0.059416,43.6700000
2019-01-31,059365,824.800,0.079231,47.1300000
2019-02-28,059365,860.400,0.028432,48.4700000
2019-03-29,059365,918.800,0.023217,49.4000000
2019-04-30,059365,939.200,0.013968,50.0900000
2019-05-31,059365,964.300,-0.017768,49.2000000
2019-06-28,059365,1256.000,0.043690,50.9500000
2019-07-31,059365,1280.600,-0.004514,50.7200000
2019-08-30,059365,1382.000,0.007295,51.0900000
2019-09-30,059365,1428.200,0.016962,51.6500000
2019-10-31,059365,1477.000,0.017619,52.5600000
2019-11-29,059365,1567.700,-0.002473,52.4300000
2019-12-31,059365,1720.200,0.032963,53.8400000
2020-01-31,059365,1745.500,0.011516,54.4600000
2020-02-28,059365,1651.900,-0.078039,50.2100000
2020-03-31,059365,1298.700,-0.138819,43.0000000
2020-04-30,059365,1491.300,0.068837,45.9600000
2020-05-29,059365,1661.300,0.046127,48.0800000
2020-06-30,059365,1713.800,-0.001733,47.7400000
2020-07-31,059365,1806.900,0.036866,49.5000000
2020-08-31,059365,1910.900,0.029495,50.9600000
2020-09-30,059365,1877.800,-0.016537,49.7400000
2020-10-30,059365,1851.700,-0.032971,48.1000000
2020-11-30,059365,2080.100,0.100416,52.9300000
2020-12-31,059365,2127.200,0.022588,53.7900000
2021-01-29,059365,2191.100,-0.016174,52.9200000
2021-02-26,059365,2277.600,0.011527,53.5300000
2021-03-31,059365,2434.600,0.050088,56.0300000
2021-04-30,059365,2630.300,0.031769,57.8100000
2021-05-28,059365,2715.500,0.016779,58.7800000
2021-06-30,059365,2891.300,-0.017359,57.3700000
2021-07-30,059365,2925.300,0.007670,57.8100000
2021-08-31,059365,2818.900,0.020066,58.9700000
2021-09-30,059365,2620.500,-0.044780,55.9300000
2021-10-29,059365,2644.000,0.032183,57.7300000
2021-11-30,059365,2556.700,-0.042439,55.2800000
2021-12-31,059365,2618.300,0.049341,57.4200000
2022-01-31,059365,2546.800,-0.027342,55.8500000
2022-02-28,059365,2569.500,-0.003044,55.6800000
2022-03-31,059365,2670.700,0.037930,57.6200000
2022-04-29,059365,2540.700,-0.052759,54.5800000
2022-05-31,059365,2589.300,0.020154,55.6800000
2022-06-30,059365,2488.900,-0.066860,51.4800000
2022-07-29,059365,2699.600,0.041570,53.6200000
2022-08-31,059365,2609.000,-0.033570,51.8200000
2022-09-30,059365,2352.500,-0.116750,45.7700000
2022-10-31,059365,2500.500,0.055713,48.3200000
2022-11-30,059365,2689.000,0.075331,51.9600000
2022-12-30,059365,2424.300,-0.023392,50.5100000
2023-01-31,059365,2456.300,0.046921,52.8800000
2023-02-28,059365,2310.000,-0.043116,50.6000000
2023-03-31,059365,2341.700,0.030019,51.9800000
2023-04-28,059365,2370.600,0.025972,53.3300000
2023-05-31,059365,2213.800,-0.051191,50.6000000
2023-06-30,059365,2254.700,0.044640,52.3100000
2023-07-31,059365,2278.400,0.012999,52.9900000
2023-08-31,059365,2189.500,-0.035667,51.1000000
2023-09-29,059365,2045.700,-0.044352,48.5300000
2023-10-31,059365,2025.200,-0.015866,47.7600000
2023-11-30,059365,2168.800,0.079983,51.5800000
2023-12-29,059365,2231.900,0.046341,53.5900000
2024-01-31,059365,2214.500,-0.002986,53.4300000
2024-02-29,059365,2252.300,0.001310,53.5000000
2024-03-28,059365,2295.300,0.021577,54.5200000
2024-04-30,059365,2180.000,-0.041086,52.2800000
2024-05-31,059365,2253.200,0.043611,54.5600000
2024-06-28,059365,2187.600,-0.014254,53.2300000
2024-07-31,059365,2278.100,0.052790,56.0400000
2024-08-30,059365,2352.000,0.037652,58.1500000
2024-09-30,059365,2536.500,0.027560,59.4000000
2024-10-31,059365,2478.200,-0.029798,57.6300000
2024-11-29,059365,2539.800,0.021343,58.8600000
2024-12-31,059365,2341.400,-0.064911,54.2600000
2025-01-31,059365,2415.400,0.025802,55.6600000
2025-02-28,059365,2434.900,0.020841,56.8200000
2025-03-31,059365,2408.400,0.015385,57.5500000
2025-04-30,059365,2345.000,0.029018,59.2200000
2025-05-30,059365,2522.400,0.032590,61.1500000
2025-06-30,059365,2743.300,0.017173,61.6500000
2025-07-31,059365,2784.500,-0.014923,60.7300000
2025-08-29,059365,2933.500,0.033262,62.7500000
2025-09-30,059365,3007.600,0.007969,62.9200000
2025-10-31,059365,2995.800,-0.003973,62.6700000
2025-11-28,059365,3013.100,0.005904,63.0400000
2025-12-31,059365,2904.800,-0.000034,60.3900000
2026-01-30,059365,2943.200,0.031462,62.2900000
2026-02-27,059365,3160.500,0.081875,67.3900000
2026-03-31,059365,2953.600,-0.057154,63.3800000
2026-04-30,059365,3065.400,0.042348,66.0640000
2026-05-29,059365,3057.900,-0.002439,65.9029000
2026-06-30,059365,2940.200,-0.019001,64.0570000
2013-10-31,059456,0.100,R,
2013-11-29,059456,3.700,R,24.8619000
2013-12-31,059456,3.900,0.040986,25.8137000
2014-01-31,059456,3.900,-0.000399,25.8034000
2014-02-28,059456,5.200,0.009534,26.0494000
2014-03-31,059456,6.600,0.023185,26.4978000
2014-04-30,059456,6.900,0.036622,27.4682000
2014-05-30,059456,8.500,0.033817,28.3971000
2014-06-30,059456,9.100,0.072194,30.2634000
2014-07-31,059456,11.700,-0.032016,29.2945000
2014-08-29,059456,15.600,0.064241,31.1764000
2014-09-30,059456,16.500,-0.032690,29.9951000
2014-10-31,059456,17.700,-0.017373,29.4740000
2014-11-28,059456,17.100,-0.031306,28.5513000
2014-12-31,059456,18.500,0.001371,28.4741000
2015-01-30,059456,18.600,-0.068392,26.5267000
2015-02-27,059456,20.400,0.023874,27.1600000
2015-03-31,059456,20.100,-0.007089,26.7845000
2015-04-30,059456,21.200,0.055465,28.2701000
2015-05-29,059456,17.500,-0.048779,26.8911000
2015-06-30,059456,16.500,-0.049392,25.3643000
2015-07-31,059456,15.800,-0.040778,24.3300000
2015-08-31,059456,14.700,-0.070473,22.6154000
2015-09-30,059456,12.600,-0.138765,19.3530000
2015-10-30,059456,13.500,0.069343,20.6950000
2015-11-30,059456,12.300,-0.083324,18.9706000
2015-12-31,059456,16.500,-0.078752,17.4147000
2016-01-29,059456,12.500,-0.045898,16.6154000
2016-02-29,059456,10.100,0.009293,16.7698000
2016-03-31,059456,11.000,0.105372,18.2743000
2016-04-29,059456,12.100,0.100825,20.1168000
2016-05-31,059456,12.300,0.022628,20.5720000
2016-06-30,059456,12.900,0.054035,21.4356000
2016-07-29,059456,12.900,0.003275,21.5058000
2016-08-31,059456,14.400,0.029634,22.1431000
2016-09-30,059456,16.200,0.053704,23.1223000
2016-10-31,059456,15.500,-0.045225,22.0766000
2016-11-30,059456,17.200,0.039377,22.9459000
2016-12-30,059456,22.600,0.040887,23.7995000
2017-01-31,059456,25.300,0.013467,24.1200000
2017-02-28,059456,31.600,0.006940,24.2874000
2017-03-31,059456,33.900,0.004828,24.2447000
2017-04-28,059456,32.200,-0.017381,23.8233000
2017-05-31,059456,32.200,-0.035268,22.9831000
2017-06-30,059456,34.500,0.013295,23.0332000
2017-07-31,059456,36.700,0.028567,23.6912000
2017-08-31,059456,37.800,-0.032510,22.9210000
2017-09-29,059456,40.800,0.026873,23.2919000
2017-10-31,059456,42.700,-0.035300,22.4697000
2017-11-30,059456,42.400,-0.007543,22.3002000
2017-12-29,059456,47.300,0.037436,23.0853000
2018-01-31,059456,47.500,0.003587,23.1681000
2018-02-28,059456,39.400,-0.105183,20.7312000
2018-03-29,059456,35.700,-0.034210,19.8482000
2018-04-30,059456,37.500,0.050816,20.8568000
2018-05-31,059456,39.400,0.049778,21.8950000
2018-06-29,059456,39.800,0.018668,22.1089000
2018-07-31,059456,43.500,0.036664,22.9195000
2018-08-31,059456,44.000,-0.014638,22.5840000
2018-09-28,059456,42.900,-0.017727,22.0166000
2018-10-31,059456,39.700,-0.075289,20.3590000
2018-11-30,059456,41.700,-0.000864,20.3414000
2018-12-31,059456,46.400,-0.095922,18.2060000
2019-01-31,059456,57.000,0.159228,21.1049000
2019-02-28,059456,57.000,0.013242,21.1261000
2019-03-29,059456,64.700,0.037437,21.9170000
2019-04-30,059456,66.200,-0.010417,21.6887000
2019-05-31,059456,62.900,-0.020257,20.9627000
2019-06-28,059456,64.800,0.030321,21.5983000
2019-07-31,059456,64.400,-0.021826,21.1269000
2019-08-30,059456,63.600,-0.029321,20.1957000
2019-09-30,059456,64.200,0.025540,20.7115000
2019-10-31,059456,60.800,-0.037332,19.9383000
2019-11-29,059456,51.800,-0.020219,19.1886000
2019-12-31,059456,58.300,0.084436,20.8088000
2020-01-31,059456,61.900,-0.040478,19.9665000
2020-02-28,059456,53.800,-0.103055,17.6540000
2020-03-31,059456,24.400,-0.412286,10.3755000
2020-04-30,059456,32.200,0.319358,13.6890000
2020-05-29,059456,38.100,0.072152,14.3635000
2020-06-30,059456,38.300,-0.030821,13.9208000
2020-07-31,059456,36.000,-0.005804,13.8400000
2020-08-31,059456,34.900,0.025610,13.9447000
2020-09-30,059456,30.900,-0.112925,12.3700000
2020-10-30,059456,31.000,0.000808,12.3800000
2020-11-30,059456,37.000,0.193431,14.5053000
2020-12-31,059456,43.200,0.011433,14.6400000
2021-01-29,059456,43.000,0.047814,15.3400000
2021-02-26,059456,46.700,0.073605,16.1174000
2021-03-31,059456,50.000,0.069651,17.2400000
2021-04-30,059456,54.700,0.058585,18.2500000
2021-05-28,059456,57.700,0.067116,19.2300000
2021-06-30,059456,70.200,0.043682,20.0700000
2021-07-30,059456,67.600,-0.037369,19.3200000
2021-08-31,059456,65.700,-0.015588,18.7800000
2021-09-30,059456,61.900,0.046086,19.6455000
2021-10-29,059456,66.300,0.054185,20.7100000
2021-11-30,059456,59.500,-0.074220,18.5900000
2021-12-31,059456,63.600,0.016049,18.8600000
2022-01-31,059456,74.900,0.080779,20.3835000
2022-02-28,059456,80.700,0.045212,21.0876000
2022-03-31,059456,96.800,0.073484,22.6372000
2022-04-29,059456,100.200,-0.021964,22.1400000
2022-05-31,059456,113.300,0.065532,23.2400000
2022-06-30,059456,105.900,-0.132100,20.1700000
2022-07-29,059456,121.800,0.108131,22.3510000
2022-08-31,059456,128.600,0.000196,22.0840000
2022-09-30,059456,120.100,-0.108508,19.6877000
2022-10-31,059456,129.400,0.118795,22.0265000
2022-11-30,059456,142.100,0.042210,22.6431000
2022-12-30,059456,133.700,-0.062469,21.2286000
2023-01-31,059456,132.100,0.050013,22.2903000
2023-02-28,059456,124.400,-0.040093,21.0883000
2023-03-31,059456,122.600,-0.006217,20.9572000
2023-04-28,059456,125.500,0.023362,21.4468000
2023-05-31,059456,117.100,-0.035933,20.3714000
2023-06-30,059456,121.100,0.071316,21.8242000
2023-07-31,059456,125.200,0.042778,22.7578000
2023-08-31,059456,122.700,-0.005680,22.3077000
2023-09-29,059456,121.700,-0.007979,22.1297000
2023-10-31,059456,123.200,-0.005486,22.0083000
2023-11-30,059456,132.300,0.069947,23.2060000
2023-12-29,059456,131.400,-0.006675,23.0511000
2024-01-31,059456,131.000,0.005839,23.1857000
2024-02-29,059456,132.000,0.041134,23.7770000
2024-03-28,059456,139.700,0.068141,25.3972000
2024-04-30,059456,140.100,-0.005839,25.2489000
2024-05-31,059456,143.900,0.035767,25.8078000
2024-06-28,059456,154.700,0.029189,26.5611000
2024-07-31,059456,164.800,0.029494,27.3445000
2024-08-30,059456,175.500,0.040051,28.0830000
2024-09-30,059456,184.300,0.005701,28.2431000
2024-10-31,059456,194.200,0.037931,29.3144000
2024-11-29,059456,235.500,0.140378,33.0584000
2024-12-31,059456,233.900,-0.059555,31.0896000
2025-01-31,059456,276.400,0.033915,32.1440000
2025-02-28,059456,299.100,0.017367,32.3404000
2025-03-31,059456,316.500,0.014258,32.8015000
2025-04-30,059456,287.400,-0.057830,30.9046000
2025-05-30,059456,297.500,0.025355,31.3141000
2025-06-30,059456,320.900,0.030006,32.2537000
2025-07-31,059456,313.200,-0.004055,32.1229000
2025-08-29,059456,316.900,0.008603,32.0082000
2025-09-30,059456,329.200,0.010944,32.3585000
2025-10-31,059456,307.500,-0.066131,30.2186000
2025-11-28,059456,326.600,0.054652,31.4820000
2025-12-31,059456,333.700,-0.002316,31.4091000
2026-01-30,059456,360.500,0.077815,33.8532000
2026-02-27,059456,398.600,0.094786,36.6523000
2026-03-31,059456,437.000,0.043634,38.2516000
2026-04-30,059456,459.700,0.022760,39.1222000
2026-05-29,059456,459.800,-0.030995,37.5332000
2026-06-30,059456,467.900,0.015600,38.1187000
2014-02-28,060594,0.100,,
2014-03-31,060594,4.100,R,40.5400000
2014-04-30,060594,4.200,0.029354,41.7300000
2014-05-30,060594,4.300,0.031392,43.0400000
2014-06-30,060594,4.500,0.042325,44.5300000
2014-07-31,060594,15.300,-0.016169,43.8100000
2014-08-29,060594,18.300,0.042913,45.6900000
2014-09-30,060594,19.800,-0.034296,44.0300000
2014-10-31,060594,21.100,0.010220,44.4800000
2014-11-28,060594,23.500,0.004496,44.6800000
2014-12-31,060594,24.000,-0.011243,43.7100000
2015-01-30,060594,23.900,-0.004347,43.5200000
2015-02-27,060594,23.900,0.000230,43.5300000
2015-03-31,060594,25.800,-0.011394,42.9800000
2015-04-30,060594,26.800,0.040949,44.7400000
2015-05-29,060594,27.500,-0.015422,44.0500000
2015-06-30,060594,26.000,-0.047369,41.5900000
2015-07-31,060594,23.800,-0.003607,41.4400000
2015-08-31,060594,20.800,-0.042712,39.6700000
2015-09-30,060594,17.700,-0.046933,37.2500000
2015-10-30,060594,19.800,0.063893,39.6300000
2015-11-30,060594,18.900,-0.046682,37.7800000
2015-12-31,060594,29.700,-0.028642,36.0600000
2016-01-29,060594,28.900,-0.026900,35.0900000
2016-02-29,060594,27.300,0.004560,35.2500000
2016-03-31,060594,28.300,0.078674,37.7500000
2016-04-29,060594,29.300,0.034967,39.0700000
2016-05-31,060594,28.400,0.002304,39.1600000
2016-06-30,060594,30.500,0.048728,40.6700000
2016-07-29,060594,30.900,0.012048,41.1600000
2016-08-31,060594,30.400,-0.016521,40.4800000
2016-09-30,060594,32.000,0.024601,41.2400000
2016-10-31,060594,30.800,-0.035403,39.7800000
2016-11-30,060594,31.700,-0.035445,38.3700000
2016-12-30,060594,34.300,0.027567,39.1600000
2017-01-31,060594,38.800,0.016088,39.7900000
2017-02-28,060594,39.900,0.029153,40.9500000
2017-03-31,060594,40.800,0.027738,41.8900000
2017-04-28,060594,41.300,0.011936,42.3900000
2017-05-31,060594,42.100,0.017693,43.1400000
2017-06-30,060594,37.200,-0.003000,42.5700000
2017-07-31,060594,38.400,0.029598,43.8300000
2017-08-31,060594,39.600,0.004563,44.0300000
2017-09-29,060594,38.800,-0.010919,43.0900000
2017-10-31,060594,38.400,-0.008819,42.7100000
2017-11-30,060594,38.900,0.012878,43.2600000
2017-12-29,060594,37.500,-0.001321,42.8700000
2018-01-31,060594,40.000,0.007698,43.2000000
2018-02-28,060594,38.300,-0.067130,40.3000000
2018-03-29,060594,38.100,0.000109,40.1000000
2018-04-30,060594,39.000,0.024938,41.1000000
2018-05-31,060594,39.400,0.008516,41.4500000
2018-06-29,060594,38.600,0.019106,41.7400000
2018-07-31,060594,39.600,0.025156,42.7900000
2018-08-31,060594,43.400,-0.010984,42.3200000
2018-09-28,060594,42.500,-0.012082,41.4400000
2018-10-31,060594,45.000,-0.035232,39.9800000
2018-11-30,060594,46.600,0.012756,40.4900000
2018-12-31,060594,55.300,-0.050575,38.1200000
2019-01-31,060594,85.800,0.097324,41.8300000
2019-02-28,060594,94.700,0.023906,42.8300000
2019-03-29,060594,99.200,0.030742,43.9100000
2019-04-30,060594,99.900,0.006377,44.1900000
2019-05-31,060594,99.400,-0.004979,43.9700000
2019-06-28,060594,104.100,0.036303,45.0700000
2019-07-31,060594,106.400,-0.004216,44.8800000
2019-08-30,060594,110.300,0.011364,45.3900000
2019-09-30,060594,113.400,0.010728,45.5300000
2019-10-31,060594,113.200,-0.001537,45.4600000
2019-11-29,060594,117.600,-0.016278,44.7200000
2019-12-31,060594,133.500,0.054389,46.8411000
2020-01-31,060594,146.400,0.008482,47.2384000
2020-02-28,060594,143.700,-0.078184,43.5451000
2020-03-31,060594,110.200,-0.183013,35.3256000
2020-04-30,060594,131.600,0.098948,38.8210000
2020-05-29,060594,143.400,0.046781,40.6371000
2020-06-30,060594,143.500,-0.016282,39.6465000
2020-07-31,060594,159.200,0.013953,40.1997000
2020-08-31,060594,158.800,-0.002236,40.1098000
2020-09-30,060594,134.100,-0.035610,38.2084000
2020-10-30,060594,133.500,-0.013188,37.7045000
2020-11-30,060594,140.300,0.097956,41.3979000
2020-12-31,060594,143.200,0.000432,41.1419000
2021-01-29,060594,149.100,-0.007022,40.8530000
2021-02-26,060594,151.000,-0.003721,40.7010000
2021-03-31,060594,163.800,0.072960,43.4529000
2021-04-30,060594,171.800,0.048666,45.5676000
2021-05-28,060594,177.500,0.022231,46.5806000
2021-06-30,060594,122.900,0.005945,46.2112000
2021-07-30,060594,123.600,0.005600,46.4700000
2021-08-31,060594,131.300,0.009066,46.8913000
2021-09-30,060594,128.800,-0.028184,45.1887000
2021-10-29,060594,135.000,0.041227,47.0517000
2021-11-30,060594,136.300,-0.040881,45.1282000
2021-12-31,060594,146.200,0.068927,47.9219000
2022-01-31,060594,147.700,-0.018491,47.0358000
2022-02-28,060594,147.600,-0.000310,47.0212000
2022-03-31,060594,156.200,0.062701,49.7508000
2022-04-29,060594,145.800,-0.026054,48.4546000
2022-05-31,060594,153.000,0.035155,50.1580000
2022-06-30,060594,139.900,-0.076345,45.8680000
2022-07-29,060594,146.600,0.058165,48.5359000
2022-08-31,060594,141.500,-0.034311,46.8706000
2022-09-30,060594,128.600,-0.122377,40.8185000
2022-10-31,060594,157.600,0.052199,42.9492000
2022-11-30,060594,189.400,0.081035,46.4296000
2022-12-30,060594,187.500,-0.035815,44.4346000
2023-01-31,060594,173.800,0.056897,46.9628000
2023-02-28,060594,146.000,-0.046513,44.7784000
2023-03-31,060594,151.100,0.022240,45.5068000
2023-04-28,060594,153.800,0.027016,46.7362000
2023-05-31,060594,144.900,-0.057814,44.0342000
2023-06-30,060594,149.500,0.030677,44.8826000
2023-07-31,060594,143.700,0.012876,45.4605000
2023-08-31,060594,139.800,-0.041922,43.5547000
2023-09-29,060594,134.100,-0.040520,41.3936000
2023-10-31,060594,132.100,-0.009120,41.0161000
2023-11-30,060594,150.500,0.095399,44.9290000
2023-12-29,060594,153.100,0.025366,45.7122000
2024-01-31,060594,136.700,-0.025744,44.5354000
2024-02-29,060594,138.300,0.001817,44.6163000
2024-03-28,060594,139.800,0.032258,45.8410000
2024-04-30,060594,131.000,-0.028167,44.5498000
2024-05-31,060594,130.700,0.044077,46.5134000
2024-06-28,060594,125.000,-0.016010,44.9699000
2024-07-31,060594,136.700,0.062753,47.7919000
2024-08-30,060594,136.500,0.042093,49.8036000
2024-09-30,060594,153.200,0.022852,50.5724000
2024-10-31,060594,125.500,-0.015162,49.8056000
2024-11-29,060594,130.400,0.055845,52.5870000
2024-12-31,060594,139.800,-0.057309,49.2175000
2025-01-31,060594,120.300,0.005486,49.4875000
2025-02-28,060594,119.000,0.027847,50.8656000
2025-03-31,060594,130.400,0.038325,52.5798000
2025-04-30,060594,161.500,0.024070,53.8454000
2025-05-30,060594,148.400,0.009481,54.3559000
2025-06-30,060594,151.100,0.010959,53.7668000
2025-07-31,060594,140.400,-0.014420,52.9915000
2025-08-29,060594,142.800,0.016931,53.8887000
2025-09-30,060594,157.000,0.012129,54.1443000
2025-10-31,060594,144.100,-0.025185,52.7807000
2025-11-28,060594,152.100,0.040666,54.9271000
2025-12-31,060594,176.300,-0.008688,54.0819000
2026-01-30,060594,171.300,0.048979,56.7308000
2026-02-27,060594,179.900,0.093744,62.0490000
2026-03-31,060594,182.300,-0.029232,59.9628000
2026-04-30,060594,177.700,0.028838,61.6920000
2026-05-29,060594,174.300,-0.029138,59.8944000
2026-06-30,060594,190.800,-0.001329,59.0776000
2015-02-27,063579,2.500,R,25.2527000
2015-03-31,063579,2.500,-0.021107,24.7197000
2015-04-30,063579,2.600,0.050260,25.9621000
2015-05-29,063579,2.600,-0.013940,25.6002000
2015-06-30,063579,2.400,-0.038540,24.2798000
2015-07-31,063579,2.400,-0.005227,24.1529000
2015-08-31,063579,2.300,-0.052888,22.8755000
2015-09-30,063579,2.200,-0.038212,21.6916000
2015-10-30,063579,2.300,0.062633,23.0502000
2015-11-30,063579,2.200,-0.038186,22.1700000
2015-12-31,063579,2.100,-0.020474,21.4316000
2016-01-29,063579,2.100,-0.017297,21.0609000
2016-02-29,063579,3.200,0.017478,21.4290000
2016-03-31,063579,3.500,0.086589,23.1018000
2016-04-29,063579,2.500,0.085188,25.0698000
2016-05-31,063579,2.500,0.009968,25.3197000
2016-06-30,063579,2.500,0.022514,25.3767000
2016-07-29,063579,2.600,0.022056,25.9364000
2016-08-31,063579,3.900,0.013425,26.2846000
2016-09-30,063579,6.600,0.012990,26.3269000
2016-10-31,063579,6.300,-0.043731,25.1756000
2016-11-30,063579,15.100,0.002232,25.2318000
2016-12-30,063579,20.700,0.034947,25.9346000
2017-01-31,063579,26.600,0.025699,26.6011000
2017-02-28,063579,28.200,0.011383,26.9039000
2017-03-31,063579,31.600,0.028866,27.4711000
2017-04-28,063579,33.000,0.002290,27.5340000
2017-05-31,063579,33.900,0.027395,28.2883000
2017-06-30,063579,34.700,0.003643,27.7904000
2017-07-31,063579,35.700,0.026801,28.5352000
2017-08-31,063579,35.400,-0.007331,28.3260000
2017-09-29,063579,35.900,0.026012,28.6886000
2017-10-31,063579,35.400,-0.011684,28.3534000
2017-11-30,063579,35.200,-0.006479,28.1697000
2017-12-29,063579,34.300,-0.001253,27.4285000
2018-01-31,063579,34.600,0.009133,27.6790000
2018-02-28,063579,31.800,-0.082171,25.4046000
2018-03-29,063579,31.600,0.004349,25.2621000
2018-04-30,063579,32.700,0.035219,26.1518000
2018-05-31,063579,56.600,0.006600,26.3244000
2018-06-29,063579,57.100,0.023237,26.5800000
2018-07-31,063579,66.100,0.015124,26.9820000
2018-08-31,063579,60.200,-0.008758,26.7457000
2018-09-28,063579,58.600,-0.013188,26.0320000
2018-10-31,063579,55.500,-0.052274,24.6712000
2018-11-30,063579,55.800,0.027579,25.3516000
2018-12-31,063579,51.900,-0.057124,23.5987000
2019-01-31,063579,55.400,0.091611,25.7606000
2019-02-28,063579,59.100,0.020132,26.2792000
2019-03-29,063579,59.300,0.016399,26.3667000
2019-04-30,063579,58.600,-0.012698,26.0319000
2019-05-31,063579,57.800,-0.013768,25.6735000
2019-06-28,063579,60.000,0.052366,26.6591000
2019-07-31,063579,64.800,-0.008279,26.4384000
2019-08-30,063579,58.000,-0.024427,25.7926000
2019-09-30,063579,61.300,0.061099,27.2611000
2019-10-31,063579,62.300,0.015641,27.6875000
2019-11-29,063579,62.500,0.003229,27.7769000
2019-12-31,063579,64.500,0.052029,28.6869000
2020-01-31,063579,62.900,-0.003845,28.5766000
2015-03-31,063819,0.100,,
2015-04-30,063819,2.500,R,25.1200000
2015-05-29,063819,3.800,-0.003583,25.0300000
2015-06-30,063819,3.500,-0.059529,23.5400000
2015-07-31,063819,3.600,0.020391,24.0200000
2015-08-31,063819,3.400,-0.054954,22.7000000
2015-09-30,063819,3.300,-0.024229,22.1500000
2015-10-30,063819,3.500,0.043341,23.1100000
2015-11-30,063819,3.400,-0.026828,22.4900000
2015-12-31,063819,3.200,-0.030187,21.3900000
2016-01-29,063819,3.200,0.000468,21.4000000
2016-02-29,063819,3.200,0.002336,21.4500000
2016-03-31,063819,3.400,0.057343,22.6800000
2016-04-29,063819,3.500,0.015873,23.0400000
2016-05-31,063819,3.500,0.012153,23.3200000
2016-06-30,063819,3.500,0.028367,23.6200000
2016-07-29,063819,3.600,0.024979,24.2100000
2016-08-31,063819,3.600,-0.015283,23.8400000
2016-09-30,063819,3.600,0.014262,24.1800000
2016-10-31,063819,3.600,-0.015302,23.8100000
2016-11-30,063819,3.500,-0.029819,23.1000000
2016-12-30,063819,3.500,0.033293,23.5000000
2017-01-31,063819,3.500,-0.002128,23.4500000
2017-02-28,063819,3.600,0.034542,24.2600000
2017-03-31,063819,3.800,0.033800,25.0800000
2017-04-28,063819,3.800,0.015152,25.4600000
2015-04-30,064095,0.100,,
2015-05-29,064095,1.500,R,15.2600000
2015-06-30,064095,2.900,-0.056356,14.4000000
2015-07-31,064095,3.300,-0.083333,13.2000000
2015-08-31,064095,3.500,-0.097741,11.7800000
2015-09-30,064095,3.000,-0.140917,10.1200000
2015-10-30,064095,3.300,0.092885,11.0600000
2015-11-30,064095,3.400,-0.104202,9.7800000
2015-12-31,064095,2.700,0.101578,10.6800000
2016-01-29,064095,3.000,-0.067416,9.9600000
2016-02-29,064095,3.900,-0.012787,9.6900000
2016-03-31,064095,4.200,0.084623,10.5100000
2016-04-29,064095,4.400,0.048525,11.0200000
2016-05-31,064095,5.900,-0.014948,10.7100000
2016-06-30,064095,6.100,0.031746,11.0500000
2016-07-29,064095,6.400,0.054299,11.6500000
2016-08-31,064095,6.800,-0.014728,11.3500000
2016-09-30,064095,6.900,0.014097,11.5100000
2016-10-31,064095,6.700,-0.030408,11.1600000
2016-11-30,064095,6.300,-0.050939,10.4700000
2016-12-30,064095,7.000,0.027698,10.7600000
2017-01-31,064095,7.900,0.046468,11.2600000
2017-02-28,064095,7.900,0.013139,11.2800000
2017-03-31,064095,8.000,0.015071,11.4500000
2017-04-28,064095,8.200,0.021834,11.7000000
2017-05-31,064095,13.000,0.021190,11.8200000
2017-06-30,064095,13.400,0.027919,12.1500000
2017-07-31,064095,14.500,0.040329,12.6400000
2017-08-31,064095,15.000,0.001417,12.5300000
2017-09-29,064095,15.600,-0.001596,12.5100000
2017-10-31,064095,20.000,0.001599,12.5300000
2017-11-30,064095,20.300,-0.006395,12.3200000
2017-12-29,064095,21.400,0.022179,12.5800000
2018-01-31,064095,21.200,-0.007949,12.4800000
2018-02-28,064095,20.700,-0.065765,11.5200000
2018-03-29,064095,21.700,0.016493,11.7100000
2018-04-30,064095,20.700,0.010248,11.8300000
2018-05-31,064095,20.700,0.011632,11.8200000
2018-06-29,064095,20.700,0.000000,11.8200000
2018-07-31,064095,21.400,0.005076,11.8800000
2018-08-31,064095,19.200,0.025303,12.0300000
2018-09-28,064095,19.200,-0.001663,12.0100000
2018-10-31,064095,15.600,-0.040799,11.5200000
2018-11-30,064095,15.100,0.020429,11.6100000
2018-12-31,064095,14.700,-0.024978,11.3200000
2019-01-31,064095,16.200,0.099823,12.4500000
2019-02-28,064095,16.100,0.006691,12.4200000
2019-03-29,064095,17.400,0.036232,12.8700000
2019-04-30,064095,17.500,0.006993,12.9600000
2019-05-31,064095,17.900,-0.006920,12.7600000
2019-06-28,064095,19.500,0.056426,13.4800000
2019-07-31,064095,20.900,0.002226,13.5100000
2019-08-30,064095,22.700,-0.003316,13.3600000
2019-09-30,064095,24.000,0.028443,13.7400000
2019-10-31,064095,25.500,0.003639,13.7900000
2019-11-29,064095,29.300,0.019323,13.9500000
2019-12-31,064095,32.100,0.071751,14.9400000
2020-01-31,064095,36.300,0.034137,15.4500000
2020-02-28,064095,44.600,-0.062659,14.3800000
2020-03-31,064095,42.600,-0.154381,12.1600000
2020-04-30,064095,46.000,0.081414,13.1500000
2020-05-29,064095,48.000,0.046728,13.7200000
2020-06-30,064095,48.300,0.006560,13.8100000
2020-07-31,064095,52.400,0.083273,14.9600000
2020-08-31,064095,53.400,-0.006456,14.8200000
2020-09-30,064095,53.500,-0.010121,14.6700000
2020-10-30,064095,66.200,0.013633,14.8700000
2020-11-30,064095,77.500,0.112104,16.4900000
2020-12-31,064095,87.500,0.099598,18.0300000
2021-01-29,064095,146.500,0.003328,18.0900000
2021-02-26,064095,103.900,-0.109453,16.1100000
2021-03-31,064095,111.000,-0.015518,15.8600000
2021-04-30,064095,122.700,-0.005675,15.7700000
2021-05-28,064095,126.300,0.007609,15.8900000
2021-06-30,064095,131.200,0.027733,16.2300000
2021-07-30,064095,133.000,-0.000616,16.2200000
2021-08-31,064095,136.400,0.011714,16.4100000
2021-09-30,064095,136.800,-0.045704,15.6600000
2021-10-29,064095,147.000,0.074074,16.8200000
2021-11-30,064095,136.900,-0.062426,15.7700000
2021-12-31,064095,132.100,-0.003111,15.6500000
2022-01-31,064095,113.700,-0.090735,14.2300000
2022-02-28,064095,118.800,0.077301,15.3300000
2022-03-31,064095,151.000,0.059361,16.2400000
2022-04-29,064095,119.700,-0.078202,14.9700000
2022-05-31,064095,113.200,0.012024,15.1500000
2022-06-30,064095,101.700,-0.061481,14.1300000
2022-07-29,064095,105.800,0.080679,15.2700000
2022-08-31,064095,101.900,-0.030124,14.8100000
2022-09-30,064095,90.100,-0.130317,12.8800000
2022-10-31,064095,91.000,0.013199,13.0500000
2022-11-30,064095,93.500,0.055172,13.7700000
2022-12-30,064095,89.300,-0.040594,13.1500000
2023-01-31,064095,90.800,0.016730,13.3700000
2023-02-28,064095,75.900,-0.072550,12.4000000
2023-03-31,064095,72.200,0.004032,12.4500000
2023-04-28,064095,68.900,-0.014458,12.2700000
2023-05-31,064095,65.100,-0.043195,11.7400000
2023-06-30,064095,64.000,0.031566,12.0300000
2023-07-31,064095,63.100,0.012469,12.1800000
2023-08-31,064095,56.300,-0.092775,11.0500000
2023-09-29,064095,51.300,-0.089593,10.0600000
2023-10-31,064095,43.800,-0.075547,9.3000000
2023-11-30,064095,47.200,0.124731,10.4600000
2023-12-29,064095,49.300,0.094837,11.3700000
2024-01-31,064095,41.900,-0.090589,10.3400000
2024-02-29,064095,39.500,-0.056093,9.7600000
2024-03-28,064095,39.600,0.010246,9.8600000
2024-04-30,064095,38.000,-0.028398,9.5800000
2024-05-31,064095,40.700,0.124217,10.7700000
2024-06-28,064095,36.900,-0.067280,9.9800000
2024-07-31,064095,37.800,0.025050,10.2300000
2024-08-30,064095,38.300,0.036168,10.6000000
2024-09-30,064095,38.700,0.010377,10.7100000
2024-10-31,064095,34.000,-0.090570,9.7400000
2024-11-29,064095,31.800,-0.041068,9.3400000
2024-12-31,064095,28.700,-0.057666,8.7400000
2025-01-31,064095,27.900,-0.026316,8.5100000
2025-02-28,064095,25.900,0.004700,8.5500000
2025-03-31,064095,23.800,-0.012865,8.4400000
2025-04-30,064095,22.600,0.047393,8.8400000
2025-05-30,064095,23.100,0.044118,9.2300000
2025-06-30,064095,24.400,0.060880,9.7500000
2025-07-31,064095,25.000,0.025641,10.0000000
2025-08-29,064095,25.000,0.019000,10.1900000
2025-09-30,064095,26.100,0.044161,31.9200000
2025-10-31,064095,26.200,0.041667,33.2500000
2025-11-28,064095,26.400,0.011128,33.6200000
2025-12-31,064095,25.600,0.004560,33.4000000
2026-01-30,064095,28.300,0.076647,35.9600000
2026-02-27,064095,29.100,0.029477,37.0200000
2026-03-31,064095,28.300,-0.016207,36.4200000
2026-04-30,064095,31.200,0.062328,38.6900000
2026-05-29,064095,30.200,0.019902,39.4600000
2026-06-30,064095,30.900,-0.091100,35.6500000
2016-08-31,088349,2.700,R,26.1200000
2016-09-30,088349,2.700,0.019908,26.6400000
2016-10-31,088349,3.900,-0.036411,25.6700000
2016-11-30,088349,3.800,-0.017530,25.2200000
2016-12-30,088349,3.800,0.006169,25.2100000
2017-01-31,088349,3.900,0.026973,25.8900000
2017-02-28,088349,4.000,0.017767,26.3500000
2017-03-31,088349,4.200,0.045541,27.5500000
2017-04-28,088349,4.400,0.045735,28.8100000
2017-05-31,088349,5.900,0.021867,29.4400000
2017-06-30,088349,6.000,0.003736,29.5500000
2017-07-31,088349,6.100,0.026058,30.3200000
2017-08-31,088349,6.100,-0.009235,30.0400000
2017-09-29,088349,6.200,0.022304,30.7100000
2017-10-31,088349,6.200,0.003582,30.8200000
2017-11-30,088349,6.300,0.017521,31.3600000
2017-12-29,088349,6.300,0.020622,31.2900000
2018-01-31,088349,6.600,0.038671,32.5000000
2018-02-28,088349,6.200,-0.058462,30.6000000
2018-03-29,088349,6.000,0.023307,29.6300000
2016-11-30,089645,0.100,,
2016-12-30,089645,2.500,R,25.0800000
2017-01-31,089645,5.100,0.019936,25.5800000
2017-02-28,089645,5.300,0.032447,26.4100000
2017-03-31,089645,5.400,0.024233,27.0500000
2017-04-28,089645,5.500,0.016322,27.3500000
2017-05-31,089645,5.800,0.051188,28.7500000
2017-06-30,089645,5.700,-0.008348,28.5100000
2017-07-31,089645,31.700,0.020133,28.8200000
2017-08-31,089645,35.300,0.022207,29.4600000
2017-09-29,089645,35.000,-0.009844,29.1700000
2017-10-31,089645,35.000,0.004465,29.1500000
2017-11-30,089645,35.700,0.020926,29.7600000
2017-12-29,089645,35.100,-0.009479,29.2600000
2018-01-31,089645,35.000,-0.002392,29.1900000
2018-02-28,089645,33.100,-0.054128,27.6100000
2018-03-29,089645,33.400,0.008330,27.8400000
2018-04-30,089645,33.800,0.018237,28.1400000
2018-05-31,089645,38.900,-0.012793,27.7800000
2018-06-29,089645,39.800,0.024118,28.4500000
2018-07-31,089645,34.300,0.018187,28.5538000
2018-08-31,089645,30.600,-0.024991,27.8402000
2018-09-28,089645,30.300,-0.011318,27.5251000
2018-10-31,089645,29.100,-0.030619,26.4884000
2018-11-30,089645,30.100,0.034094,27.3915000
2018-12-31,089645,29.000,-0.028012,26.3844000
2019-01-31,089645,31.500,0.083981,28.6002000
2019-02-28,089645,32.200,0.023440,29.2706000
2019-03-29,089645,20.900,0.020912,29.8827000
2019-04-30,089645,20.800,0.003515,29.7800000
2019-05-31,089645,20.700,-0.005709,29.6100000
2019-06-28,089645,21.500,0.039176,30.7700000
2019-07-31,089645,21.000,-0.011296,30.0300000
2019-08-30,089645,21.400,0.019314,30.6100000
2019-09-30,089645,21.900,0.020908,31.2500000
2019-10-31,089645,21.800,0.004020,31.1800000
2019-11-29,089645,21.600,-0.012187,30.8000000
2019-12-31,089645,22.300,0.040376,31.8500000
2020-01-31,089645,22.900,0.025746,32.6700000
2020-02-28,089645,21.000,-0.080502,30.0400000
2020-03-31,089645,17.700,-0.159787,25.2400000
2020-04-30,089645,18.400,0.051084,26.3100000
2020-05-29,089645,19.200,0.042949,27.4400000
2020-06-30,089645,8.200,-0.008746,27.2000000
2020-07-31,089645,8.200,0.023584,27.4700000
2020-08-31,089645,8.400,0.020386,28.0300000
2020-09-30,089645,8.300,-0.014984,27.6100000
2020-10-30,089645,7.900,-0.036624,26.4100000
2020-11-30,089645,8.700,0.099205,29.0300000
2020-12-31,089645,8.900,0.025991,29.6500000
2021-01-29,089645,8.700,-0.020236,29.0500000
2021-02-26,089645,7.300,0.011015,29.3700000
2021-03-31,089645,12.300,0.050732,30.8600000
2021-04-30,089645,12.600,0.021596,31.3800000
2021-05-28,089645,12.800,0.017846,31.9400000
2021-06-30,089645,12.400,-0.029430,31.0000000
2021-07-30,089645,12.400,0.010968,30.9900000
2021-08-31,089645,12.500,0.010971,31.3300000
2021-09-30,089645,11.900,-0.051708,29.7100000
2021-10-29,089645,12.700,0.074812,31.7500000
2021-11-30,089645,12.200,-0.041260,30.4400000
2021-12-31,089645,12.900,0.060908,32.1927000
2022-01-31,089645,12.900,-0.002277,31.9900000
2017-01-31,090403,0.100,,
2017-02-28,090403,2.500,R,25.3900000
2017-03-31,090403,2.500,0.001575,25.4300000
2017-04-28,090403,2.600,0.011404,25.7200000
2017-05-31,090403,2.500,-0.009720,25.4700000
2017-06-30,090403,2.600,0.022157,25.9342000
2017-07-31,090403,2.700,0.023745,26.5500000
2017-08-31,090403,2.600,-0.010923,26.2600000
2017-09-29,090403,2.800,0.072638,28.1161000
2017-10-31,090403,2.900,0.015788,28.5600000
2017-11-30,090403,3.000,0.052843,30.0692000
2017-12-29,090403,3.000,-0.004525,29.6900000
2018-01-31,090403,4.500,0.008084,29.9300000
2018-02-28,090403,4.400,-0.029776,29.0388000
2018-03-29,090403,4.300,-0.000208,28.9800000
2018-04-30,090403,4.300,-0.007246,28.7700000
2018-05-31,090403,4.300,-0.006267,28.5897000
2018-06-29,090403,4.200,-0.009562,28.2222000
2018-07-31,090403,4.400,0.036400,29.2495000
2018-08-31,090403,4.300,-0.012010,28.8982000
2018-09-28,090403,4.200,-0.016089,28.3312000
2018-10-31,090403,3.900,-0.071448,26.3070000
2018-11-30,090403,4.100,0.036701,27.2725000
2018-12-31,090403,3.900,-0.048862,25.8442000
2019-01-31,090403,4.200,0.077619,27.8502000
2019-02-28,090403,4.300,0.033242,28.7760000
2019-03-29,090403,4.300,-0.003150,28.6471000
2019-04-30,090403,4.500,0.046417,29.9768000
2019-05-31,090403,4.300,-0.045088,28.6252000
2019-06-28,090403,4.600,0.074738,30.3656000
2019-07-31,090403,6.100,-0.000708,30.3441000
2019-08-30,090403,6.100,-0.000949,30.3153000
2019-09-30,090403,7.800,0.026221,31.1102000
2019-10-31,090403,11.500,0.058646,32.9347000
2019-11-29,090403,14.900,0.003674,33.0557000
2019-12-31,090403,15.600,0.052804,34.6827000
2020-01-31,090403,17.700,0.023285,35.4903000
2020-02-28,090403,24.700,-0.073440,32.8839000
2020-03-31,090403,13.800,-0.160860,27.5942000
2020-04-30,090403,14.700,0.069011,29.4985000
2020-05-29,090403,15.400,0.045887,30.8521000
2020-06-30,090403,15.500,0.017470,31.0433000
2020-07-31,090403,16.500,0.063183,33.0047000
2020-08-31,090403,17.100,0.038907,34.2888000
2020-09-30,090403,17.400,0.012010,34.7006000
2020-10-30,090403,17.300,-0.003620,34.5750000
2020-11-30,090403,20.900,0.100521,38.0505000
2020-12-31,090403,23.600,0.040569,39.3698000
2021-01-29,090403,27.600,0.003147,39.4937000
2021-02-26,090403,31.500,-0.002284,39.4035000
2021-03-31,090403,35.200,0.052033,41.4538000
2021-04-30,090403,41.500,0.054429,43.7101000
2021-05-28,090403,42.600,0.025811,44.8383000
2021-06-30,090403,46.700,-0.002947,44.4375000
2021-07-30,090403,49.400,0.057854,47.0084000
2021-08-31,090403,58.300,0.034383,48.6247000
2021-09-30,090403,54.300,-0.069255,45.2572000
2021-10-29,090403,59.800,0.056727,47.8245000
2021-11-30,090403,64.500,-0.001478,47.7538000
2021-12-31,090403,67.700,0.061156,50.1541000
2022-01-31,090403,60.200,-0.111072,44.5834000
2022-02-28,090403,57.600,-0.043561,42.6413000
2022-03-31,090403,58.900,-0.012643,42.1022000
2022-04-29,090403,54.600,-0.073754,38.9970000
2022-05-31,090403,53.600,-0.017858,38.3006000
2022-06-30,090403,50.000,-0.061621,35.6947000
2022-07-29,090403,64.900,0.101295,39.3104000
2022-08-31,090403,60.600,-0.065428,36.7384000
2022-09-30,090403,54.500,-0.101719,33.0014000
2022-10-31,090403,59.100,0.086239,35.8474000
2022-11-30,090403,61.000,0.064172,38.1478000
2022-12-30,090403,57.400,-0.019927,37.0253000
2023-01-31,090403,52.500,0.090022,40.3584000
2023-02-28,090403,50.900,-0.029149,39.1820000
2023-03-31,090403,49.700,0.014793,39.7616000
2023-04-28,090403,47.900,0.003212,39.8893000
2023-05-31,090403,46.500,-0.027744,38.7826000
2023-06-30,090403,49.400,0.071584,41.1826000
2023-07-31,090403,50.800,0.028830,42.3699000
2023-08-31,090403,49.100,-0.034621,40.9030000
2023-09-29,090403,43.700,-0.071374,37.9836000
2023-10-31,090403,42.500,-0.027270,36.9478000
2023-11-30,090403,47.400,0.115880,41.2293000
2023-12-29,090403,50.400,0.069194,43.8182000
2024-01-31,090403,48.900,-0.029052,42.5452000
2024-02-29,090403,51.800,0.057795,45.0041000
2024-03-28,090403,53.700,0.037348,46.6849000
2024-04-30,090403,52.300,-0.025396,45.4993000
2024-05-31,090403,54.400,0.040374,47.3363000
2024-06-28,090403,52.300,-0.033748,45.4359000
2024-07-31,090403,56.000,0.071998,48.7072000
2024-08-30,090403,56.000,-0.001057,48.6557000
2024-09-30,090403,57.900,0.034713,50.3447000
2024-10-31,090403,55.800,-0.035487,48.5581000
2024-11-29,090403,58.000,0.037922,50.3995000
2024-12-31,090403,54.300,-0.056948,47.2061000
2025-01-31,090403,52.800,0.016263,47.9738000
2025-02-28,090403,52.300,-0.009178,47.5335000
2025-03-31,090403,52.100,-0.003286,47.3773000
2025-04-30,090403,52.000,0.044813,49.5004000
2025-05-30,090403,54.300,0.044127,51.6847000
2025-06-30,090403,55.500,0.030991,52.8788000
2025-07-31,090403,55.900,0.007211,53.2601000
2025-08-29,090403,56.800,0.015432,54.0820000
2025-09-30,090403,55.900,-0.015295,53.2548000
2025-10-31,090403,55.500,-0.007541,52.8532000
2025-11-28,090403,55.800,0.006246,53.1833000
2025-12-31,090403,53.500,-0.018090,50.9468000
2026-01-30,090403,56.600,0.057527,53.8776000
2026-02-27,090403,59.400,0.040824,56.0771000
2026-03-31,090403,53.100,-0.105918,50.1375000
2026-04-30,090403,55.700,0.048054,52.5468000
2026-05-29,090403,52.900,-0.051057,49.8639000
2026-06-30,090403,55.400,0.048755,51.7879000
2017-02-28,090738,0.100,,
2017-03-31,090738,3.700,R,14.6900000
2017-04-28,090738,6.600,-0.004084,14.6300000
2017-05-31,090738,7.800,-0.025974,14.2500000
2017-06-30,090738,11.600,0.021754,14.5600000
2017-07-31,090738,11.600,-0.005495,14.4800000
2017-08-31,090738,12.200,-0.004834,14.4100000
2017-09-29,090738,15.400,0.065926,15.3600000
2017-10-31,090738,17.100,0.012370,15.5500000
2017-11-30,090738,20.200,0.039228,16.1600000
2017-12-29,090738,29.300,0.037770,16.7200000
2018-01-31,090738,72.500,0.031699,17.2500000
2018-02-28,090738,79.600,-0.057971,16.2500000
2018-03-29,090738,89.800,-0.012923,16.0400000
2018-04-30,090738,103.000,-0.026808,15.6100000
2018-05-31,090738,108.800,0.055734,16.4800000
2018-06-29,090738,106.500,-0.013350,16.2600000
2018-07-31,090738,104.300,0.051046,17.0900000
2018-08-31,090738,122.200,0.007022,17.2100000
2018-09-28,090738,119.400,-0.001162,17.1900000
2018-10-31,090738,104.100,-0.122164,15.0900000
2018-11-30,090738,140.900,0.031809,15.5700000
2018-12-31,090738,111.400,-0.126133,13.5000000
2019-01-31,090738,120.300,0.114074,15.0400000
2019-02-28,090738,128.900,0.045213,15.7200000
2019-03-29,090738,126.800,-0.003817,15.6600000
2019-04-30,090738,132.300,0.049808,16.4400000
2019-05-31,090738,127.300,-0.099757,14.8000000
2019-06-28,090738,139.800,0.109203,16.3500000
2019-07-31,090738,139.500,-0.007951,16.2200000
2019-08-30,090738,127.700,-0.051171,15.3900000
2019-09-30,090738,136.000,0.051982,16.1900000
2019-10-31,090738,146.200,0.025942,16.6100000
2019-11-29,090738,183.100,0.049368,17.4300000
2019-12-31,090738,186.400,0.022016,17.7600000
2020-01-31,090738,179.500,-0.041667,17.0200000
2020-02-28,090738,167.000,-0.082844,15.6100000
2020-03-31,090738,92.300,-0.206278,12.3900000
2020-04-30,090738,106.200,0.113801,13.8000000
2020-05-29,090738,114.700,0.065217,14.7000000
2020-06-30,090738,175.300,0.039370,15.2400000
2020-07-31,090738,210.100,0.032808,15.7400000
2020-08-31,090738,231.900,0.083227,17.0500000
2020-09-30,090738,239.800,-0.012903,16.8300000
2020-10-30,090738,373.100,0.036245,17.4400000
2020-11-30,090738,650.600,0.160550,20.2400000
2020-12-31,090738,783.000,0.051166,21.2200000
2021-01-29,090738,1095.100,-0.019793,20.8000000
2021-02-26,090738,1510.400,0.098558,22.8500000
2021-03-31,090738,2324.700,0.094530,25.0100000
2021-04-30,090738,3114.700,0.031188,25.7900000
2021-05-28,090738,3688.400,0.026367,26.4700000
2021-06-30,090738,3685.700,-0.026435,25.7300000
2021-07-30,090738,4053.000,0.028372,26.4600000
2021-08-31,090738,4565.700,0.029101,27.2300000
2021-09-30,090738,4309.100,-0.067205,25.4000000
2021-10-29,090738,4906.000,0.087795,27.6300000
2021-11-30,090738,5180.600,-0.015925,27.1900000
2021-12-31,090738,5587.700,0.061780,28.7700000
2022-01-31,090738,5061.900,-0.084463,26.3400000
2022-02-28,090738,4895.400,0.015945,26.7600000
2022-03-31,090738,5096.400,0.056054,28.2600000
2022-04-29,090738,4626.500,-0.069002,26.3100000
2022-05-31,090738,4374.000,-0.019004,25.8100000
2022-06-30,090738,3562.000,-0.115432,22.7500000
2022-07-29,090738,3956.300,0.156044,26.3000000
2022-08-31,090738,3771.700,-0.028137,25.5600000
2022-09-30,090738,3187.600,-0.097809,23.0600000
2022-10-31,090738,3505.200,0.122290,25.8800000
2022-11-30,090738,3759.600,0.079598,27.9400000
2022-12-30,090738,3538.500,-0.046537,26.5000000
2023-01-31,090738,3769.000,0.092830,28.9600000
2023-02-28,090738,3870.600,0.008287,29.2000000
2023-03-31,090738,4037.600,-0.029452,28.3400000
2023-04-28,090738,3943.700,-0.025759,27.6100000
2023-05-31,090738,4004.100,-0.011952,27.2800000
2023-06-30,090738,4828.900,0.154712,31.4200000
2023-07-31,090738,5086.000,0.030554,32.3800000
2023-08-31,090738,5303.100,-0.003706,32.2600000
2023-09-29,090738,5055.400,-0.058896,30.3600000
2023-10-31,090738,4842.600,-0.051713,28.7900000
2023-11-30,090738,5153.800,0.094130,31.5000000
2023-12-29,090738,5680.400,0.098263,34.4400000
2024-01-31,090738,5999.900,-0.003775,34.3100000
2024-02-29,090738,6495.800,0.099388,37.7200000
2024-03-28,090738,7342.900,0.055408,39.8100000
2024-04-30,090738,7176.100,-0.058779,37.4700000
2024-05-31,090738,7725.300,0.033093,38.7100000
2024-06-28,090738,7390.400,-0.041582,37.0200000
2024-07-31,090738,8038.500,0.079146,39.9500000
2024-08-30,090738,8001.300,-0.013517,39.4100000
2024-09-30,090738,8411.000,0.044151,41.1500000
2024-10-31,090738,8298.800,-0.000486,41.1300000
2024-11-29,090738,9716.000,0.111354,45.7100000
2024-12-31,090738,8556.100,-0.112241,40.4400000
2025-01-31,090738,9433.900,0.046489,42.3200000
2025-02-28,090738,8365.100,-0.050095,40.2000000
2025-03-31,090738,7672.900,-0.061940,37.7100000
2025-04-30,090738,7468.400,0.018298,38.4000000
2025-05-30,090738,8182.100,0.080990,41.5100000
2025-06-30,090738,8607.200,0.052277,43.5700000
2025-07-31,090738,9063.400,0.048428,45.6800000
2025-08-29,090738,9374.400,0.017732,46.4900000
2025-09-30,090738,9603.200,0.024521,47.6300000
2025-10-31,090738,9759.200,0.012807,48.2400000
2025-11-28,090738,9828.700,0.005597,48.5100000
2025-12-31,090738,9960.000,-0.008562,47.7700000
2026-01-30,090738,11673.500,0.061964,50.7300000
2026-02-27,090738,12429.100,0.085945,55.0900000
2026-03-31,090738,11634.400,-0.077691,50.8100000
2026-04-30,090738,13361.800,0.118481,56.8300000
2026-05-29,090738,13540.400,-0.009326,56.3000000
2026-06-30,090738,14567.100,0.047658,58.8800000
2018-02-28,093299,2.400,R,24.4900000
2018-03-29,093299,6.200,0.017967,24.9300000
2018-04-30,093299,6.500,0.040915,25.9500000
2018-05-31,093299,6.600,0.022929,26.5450000
2018-06-29,093299,6.700,0.007380,26.7409000
2018-07-31,093299,6.700,0.007935,26.9531000
2018-08-31,093299,6.600,-0.016325,26.5131000
2018-09-28,093299,6.700,0.009493,26.7648000
2018-10-31,093299,4.700,-0.127298,23.3577000
2018-11-30,093299,4.600,-0.021937,22.8453000
2018-12-31,093299,3.800,-0.135809,19.1568000
2019-01-31,093299,4.300,0.131494,21.6758000
2019-02-28,093299,3.900,0.019976,22.1088000
2019-03-29,093299,3.900,0.009743,22.3242000
2019-04-30,093299,4.000,0.028969,22.9709000
2019-05-31,093299,3.000,-0.131149,19.9583000
2019-06-28,093299,3.300,0.108401,22.1218000
2019-07-31,093299,3.200,-0.025712,21.5530000
2019-08-30,093299,2.900,-0.090317,19.6064000
2019-09-30,093299,3.100,0.038008,20.3516000
2019-10-31,093299,3.100,0.011424,20.5841000
2019-11-29,093299,2.600,0.024655,21.0916000
2019-12-31,093299,2.700,0.037124,21.5168000
2018-04-30,093386,2.600,R,25.8800000
2018-05-31,093386,2.700,0.043663,27.0100000
2018-06-29,093386,2.700,0.001944,26.9600000
2018-07-31,093386,2.800,0.024110,27.6100000
2018-08-31,093386,2.800,-0.001811,27.5600000
2018-09-28,093386,2.700,-0.010628,27.1500000
2018-10-31,093386,2.500,-0.085820,24.8200000
2018-11-30,093386,3.800,0.027397,25.5000000
2018-12-31,093386,4.600,-0.083193,23.0300000
2019-01-31,093386,5.100,0.102909,25.4000000
2019-02-28,093386,5.300,0.043701,26.5100000
2019-03-29,093386,5.300,-0.003834,26.3100000
2019-04-30,093386,5.400,0.028506,27.0600000
2019-05-31,093386,5.000,-0.067997,25.2200000
2019-06-28,093386,6.800,0.088308,27.3400000
2019-07-31,093386,6.800,-0.006584,27.1600000
2019-08-30,093386,6.600,-0.029823,26.3500000
2019-09-30,093386,6.900,0.055460,27.6800000
2019-10-31,093386,6.900,0.003974,27.7900000
2019-11-29,093386,7.000,0.002879,27.8700000
2019-12-31,093386,7.200,0.033804,28.6600000
2020-01-31,093386,7.000,-0.023726,27.9800000
2020-02-28,093386,6.300,-0.104003,25.0700000
2020-03-31,093386,5.100,-0.185138,20.2700000
2020-04-30,093386,7.800,0.106561,22.4300000
2020-05-29,093386,9.400,0.046812,23.4800000
2020-06-30,093386,16.600,0.011439,23.6500000
2020-07-31,093386,15.800,0.027061,24.2900000
2020-08-31,093386,22.500,0.031289,25.0500000
2020-09-30,093386,25.600,-0.022774,24.3600000
2020-10-30,093386,34.500,0.048440,25.5400000
2020-11-30,093386,65.700,0.119029,28.5800000
2020-12-31,093386,92.900,0.057916,29.9700000
2021-01-29,093386,172.200,-0.009009,29.7000000
2021-02-26,093386,225.500,0.061953,31.5400000
2021-03-31,093386,347.300,0.099166,34.5600000
2021-04-30,093386,489.000,0.032986,35.7000000
2021-05-28,093386,579.900,0.012045,36.1300000
2021-06-30,093386,596.000,-0.021263,35.2700000
2021-07-30,093386,648.000,0.015027,35.8000000
2021-08-31,093386,692.100,0.017598,36.4300000
2021-09-30,093386,650.500,-0.058893,34.0600000
2021-10-29,093386,726.300,0.061069,36.1400000
2021-11-30,093386,725.200,-0.013835,35.6400000
2021-12-31,093386,835.000,0.077876,38.2100000
2022-01-31,093386,789.500,-0.052081,36.2200000
2022-02-28,093386,815.800,0.026115,37.1659000
2022-03-31,093386,899.100,0.051884,38.9226000
2022-04-29,093386,870.500,-0.058305,36.6532000
2022-05-31,093386,1790.700,0.035061,37.9383000
2022-06-30,093386,1707.900,-0.100011,34.0560000
2022-07-29,093386,1701.500,0.095549,37.3100000
2022-08-31,093386,1665.600,-0.020986,36.5270000
2022-09-30,093386,1492.500,-0.112495,32.2005000
2022-10-31,093386,1652.300,0.108284,35.6873000
2022-11-30,093386,1838.000,0.068540,38.1333000
2022-12-30,093386,1763.900,-0.042404,36.2948000
2023-01-31,093386,1884.700,0.072911,38.9411000
2023-02-28,093386,1863.500,-0.020377,38.1476000
2023-03-31,093386,1829.800,-0.016191,37.3422000
2023-04-28,093386,1786.700,-0.006307,37.1067000
2023-05-31,093386,1734.200,-0.029388,36.0162000
2023-06-30,093386,1886.500,0.089015,39.0573000
2023-07-31,093386,2150.700,0.033118,40.3508000
2023-08-31,093386,2149.900,-0.033913,38.9824000
2023-09-29,093386,2027.600,-0.056293,36.5657000
2023-10-31,093386,1968.300,-0.039622,35.1169000
2023-11-30,093386,2128.800,0.071963,37.6440000
2023-12-29,093386,2262.600,0.074835,40.2233000
2024-01-31,093386,2193.100,-0.038371,38.6799000
2024-02-29,093386,2279.600,0.055225,40.8160000
2024-03-28,093386,2358.000,0.065983,43.3459000
2024-04-30,093386,2313.400,-0.026095,42.2148000
2024-05-31,093386,2466.400,0.048905,44.2793000
2024-06-28,093386,2357.100,-0.044721,42.1292000
2024-07-31,093386,2629.000,0.095760,46.1635000
2024-08-30,093386,2636.300,-0.011988,45.6101000
2024-09-30,093386,2767.800,0.035837,46.9911000
2024-10-31,093386,3033.600,-0.001434,46.9237000
2024-11-29,093386,3415.000,0.099355,51.5858000
2024-12-31,093386,3109.500,-0.099406,46.2375000
2025-01-31,093386,3220.100,0.024898,47.3887000
2025-02-28,093386,2519.200,-0.015537,46.6524000
2025-03-31,093386,2268.900,-0.027485,45.1064000
2025-04-30,093386,2287.300,0.004146,45.2934000
2025-05-30,093386,2463.200,0.054973,47.7833000
2025-06-30,093386,2638.400,0.033128,49.1787000
2025-07-31,093386,2843.500,0.028809,50.5955000
2025-08-29,093386,2996.800,0.027433,51.9835000
2025-09-30,093386,3092.600,0.019471,52.7740000
2025-10-31,093386,3093.700,-0.003045,52.6133000
2025-11-28,093386,3179.100,0.019828,53.6565000
2025-12-31,093386,3194.400,-0.013640,52.6265000
2026-01-30,093386,3493.800,0.064773,56.0353000
2026-02-27,093386,3860.200,0.076396,60.3162000
2026-03-31,093386,3699.800,-0.047411,57.1842000
2026-04-30,093386,4138.600,0.094087,62.5645000
2026-05-29,093386,4143.400,-0.026809,60.8872000
2026-06-30,093386,4618.100,0.038498,63.0459000
2018-04-30,093524,0.100,,
2018-05-31,093524,2.500,R,25.2129000
2018-06-29,093524,2.600,0.043696,26.1667000
2018-07-31,093524,2.600,-0.000504,26.1535000
2018-08-31,093524,2.700,0.029174,26.9165000
2018-09-28,093524,2.600,-0.020554,26.1969000
2018-10-31,093524,3.600,-0.073051,24.2832000
2018-11-30,093524,5.100,0.054293,25.6016000
2018-12-31,093524,5.900,-0.077808,23.4151000
2019-01-31,093524,6.500,0.115498,26.1195000
2019-02-28,093524,9.200,0.001436,26.1570000
2019-03-29,093524,12.700,0.081558,28.1547000
2019-04-30,093524,22.700,0.007441,28.3642000
2019-05-31,093524,33.400,0.023315,29.0255000
2019-06-28,093524,44.400,0.022865,29.5990000
2019-07-31,093524,56.700,0.008115,29.8392000
2019-08-30,093524,84.700,0.071289,31.9664000
2019-09-30,093524,120.600,0.009448,32.1536000
2019-10-31,093524,158.300,-0.015585,31.6525000
2019-11-29,093524,179.000,-0.016365,31.1345000
2019-12-31,093524,197.400,0.054010,32.6260000
2020-01-31,093524,241.400,0.013544,33.0679000
2020-02-28,093524,281.700,-0.015057,32.5700000
2020-03-31,093524,368.600,-0.054796,30.5905000
2020-04-30,093524,548.900,0.087455,33.2658000
2020-05-29,093524,666.200,0.048563,34.8813000
2020-06-30,093524,731.900,0.022206,35.5304000
2020-07-31,093524,846.100,0.049051,37.2732000
2020-08-31,093524,869.400,-0.011622,36.8400000
2020-09-30,093524,882.100,-0.038181,35.2838000
2020-10-30,093524,1053.200,-0.035594,34.0279000
2020-11-30,093524,1066.700,0.039717,35.3794000
2020-12-31,093524,1098.500,0.018703,35.8985000
2021-01-29,093524,1048.100,0.010212,36.2651000
2021-02-26,093524,1027.600,-0.036233,34.9511000
2021-03-31,093524,1041.900,0.038724,36.1766000
2021-04-30,093524,1116.000,0.063710,38.4814000
2021-05-28,093524,1127.000,0.006447,38.7295000
2021-06-30,093524,1190.200,0.043948,40.2770000
2021-07-30,093524,1546.200,0.002356,40.3719000
2021-08-31,093524,1628.500,0.038274,41.9171000
2021-09-30,093524,1518.100,-0.068591,38.9265000
2021-10-29,093524,1614.400,0.042030,40.5626000
2021-11-30,093524,1534.300,-0.004563,40.3775000
2021-12-31,093524,1653.500,0.073494,43.2292000
2022-01-31,093524,1394.900,-0.126745,37.7501000
2022-02-28,093524,1365.300,-0.031706,36.5532000
2022-03-31,093524,1405.400,0.070954,39.1468000
2022-04-29,093524,1299.300,-0.042111,37.4983000
2022-05-31,093524,1272.400,-0.012134,37.0433000
2022-06-30,093524,1150.800,-0.064199,34.4556000
2022-07-29,093524,1241.600,0.059842,36.5175000
2022-08-31,093524,1143.700,-0.066461,34.0905000
2022-09-30,093524,963.800,-0.154850,28.6836000
2022-10-31,093524,910.800,-0.013869,28.2858000
2022-11-30,093524,951.200,0.077802,30.4865000
2022-12-30,093524,867.000,-0.042669,29.0438000
2023-01-31,093524,832.700,0.098524,31.9053000
2023-02-28,093524,760.500,-0.077896,29.4200000
2023-03-31,093524,745.500,0.013521,29.7024000
2023-04-28,093524,708.000,-0.000613,29.6842000
2023-05-31,093524,625.600,-0.048585,28.2420000
2023-06-30,093524,609.500,0.045019,29.2348000
2023-07-31,093524,608.000,0.016905,29.7290000
2023-08-31,093524,576.600,-0.030169,28.8321000
2023-09-29,093524,505.100,-0.079479,25.9051000
2023-10-31,093524,455.300,-0.020757,25.3674000
2023-11-30,093524,503.300,0.143507,29.0078000
2023-12-29,093524,526.800,0.029009,29.8493000
2024-01-31,093524,501.400,-0.045562,28.4893000
2024-02-29,093524,482.700,0.026775,29.2521000
2024-03-28,093524,469.400,-0.015649,28.6237000
2024-04-30,093524,422.500,-0.080391,26.3226000
2024-05-31,093524,443.400,0.052780,27.7119000
2024-06-28,093524,431.400,-0.004958,27.3027000
2024-07-31,093524,464.600,0.063499,29.0364000
2024-08-30,093524,477.200,0.043470,30.2986000
2024-09-30,093524,467.400,0.068082,32.2352000
2024-10-31,093524,461.200,-0.013181,31.8103000
2024-11-29,093524,461.800,0.008189,32.0708000
2024-12-31,093524,415.200,-0.064211,29.9772000
2025-01-31,093524,401.100,-0.019695,29.3868000
2025-02-28,093524,422.400,0.056855,31.0576000
2025-03-31,093524,393.700,-0.051469,29.3801000
2025-04-30,093524,398.700,0.047947,30.7888000
2025-05-30,093524,437.200,0.017916,31.3404000
2025-06-30,093524,450.500,0.034661,32.2957000
2025-07-31,093524,445.200,-0.011800,31.9146000
2025-08-29,093524,443.900,-0.009948,31.5971000
2025-09-30,093524,432.700,0.007599,31.7032000
2025-10-31,093524,424.800,-0.018329,31.1221000
2025-11-28,093524,395.300,-0.059180,29.2803000
2025-12-31,093524,368.400,-0.006234,28.6700000
2026-01-30,093524,376.200,0.080105,30.9666000
2026-02-27,093524,385.800,0.087975,33.6909000
2026-03-31,093524,348.200,-0.070559,31.0856000
2026-04-30,093524,395.100,0.129909,35.1239000
2026-05-29,093524,407.400,-0.012806,34.6741000
2026-06-30,093524,378.400,-0.084746,31.6677000
2018-06-29,093736,2.500,R,25.1200000
2018-07-31,093736,11.400,0.005971,25.2700000
2018-08-31,093736,11.800,0.037266,26.2117000
2018-09-28,093736,14.000,-0.030204,25.4200000
2018-10-31,093736,14.500,-0.049174,24.1700000
2018-11-30,093736,16.300,0.035581,25.0300000
2018-12-31,093736,15.900,-0.090752,22.6800000
2019-01-31,093736,21.600,0.120278,25.4079000
2019-02-28,093736,27.100,0.067495,27.1228000
2019-03-29,093736,31.000,-0.001250,26.9700000
2019-04-30,093736,58.100,0.050567,28.3338000
2019-05-31,093736,58.000,-0.048155,26.9694000
2019-06-28,093736,68.000,0.103413,29.5700000
2019-07-31,093736,72.400,0.041349,30.7927000
2019-08-30,093736,87.100,-0.006907,30.5800000
2019-09-30,093736,87.900,0.013635,30.8432000
2019-10-31,093736,95.100,0.010596,31.1700000
2019-11-29,093736,106.400,0.034007,32.2300000
2019-12-31,093736,117.900,0.049582,33.6872000
2020-01-31,093736,138.000,0.077688,36.3043000
2020-02-28,093736,171.000,0.023689,37.1643000
2020-03-31,093736,136.700,-0.220791,28.7886000
2020-04-30,093736,163.100,0.168351,33.6352000
2020-05-29,093736,180.600,0.073961,36.1229000
2020-06-30,093736,208.900,0.084186,39.0461000
2020-07-31,093736,265.700,0.153508,45.0400000
2020-08-31,093736,375.000,0.189418,53.5714000
2020-09-30,093736,398.600,0.035527,55.3700000
2020-10-30,093736,436.100,-0.002890,55.2100000
2020-11-30,093736,606.000,0.268837,70.0525000
2020-12-31,093736,783.500,0.142446,79.9500000
2021-01-29,093736,1070.100,0.148968,91.8600000
2021-02-26,093736,997.600,-0.117029,81.1097000
2021-03-31,093736,1046.700,-0.039933,77.8200000
2021-04-30,093736,970.800,-0.065536,72.7200000
2021-05-28,093736,909.500,-0.048955,69.1600000
2021-06-30,093736,1007.500,0.097923,75.7500000
2021-07-30,093736,961.700,-0.045413,72.3100000
2021-08-31,093736,941.100,-0.025169,70.4900000
2021-09-30,093736,901.900,-0.061078,66.0750000
2021-10-29,093736,1090.500,0.198184,79.1700000
2021-11-30,093736,1014.800,-0.066115,73.9357000
2021-12-31,093736,874.800,-0.131574,64.0900000
2022-01-31,093736,738.300,-0.165197,53.5025000
2022-02-28,093736,752.200,0.059055,56.6621000
2022-03-31,093736,834.300,0.116652,63.2082000
2022-04-29,093736,666.500,-0.207065,50.1200000
2022-05-31,093736,675.400,0.061053,53.1800000
2022-06-30,093736,613.900,-0.083263,48.6300000
2022-07-29,093736,749.900,0.223773,59.5121000
2022-08-31,093736,801.900,0.058936,63.0195000
2022-09-30,093736,713.300,-0.118733,55.4003000
2022-10-31,093736,691.700,-0.013072,54.6761000
2022-11-30,093736,707.900,0.019477,55.7410000
2022-12-30,093736,565.800,-0.178670,45.6309000
2023-01-31,093736,635.000,0.159692,52.9178000
2023-02-28,093736,540.000,-0.086829,48.3230000
2023-03-31,093736,508.500,-0.035440,46.5471000
2023-04-28,093736,468.300,-0.085468,42.5688000
2023-05-31,093736,465.800,0.020196,43.4285000
2023-06-30,093736,487.500,0.042758,45.1364000
2023-07-31,093736,500.600,0.066439,48.1352000
2023-08-31,093736,430.900,-0.135070,41.6336000
2023-09-29,093736,375.700,-0.116610,36.6492000
2023-10-31,093736,311.400,-0.192637,29.5892000
2023-11-30,093736,268.000,0.059248,31.3423000
2023-12-29,093736,297.800,0.150522,35.8816000
2024-01-31,093736,245.700,-0.164903,29.9646000
2024-02-29,093736,232.900,-0.000160,29.9598000
2024-03-28,093736,227.700,-0.009770,29.6671000
2024-04-30,093736,199.100,-0.093144,26.9038000
2024-05-31,093736,213.900,0.173511,31.5719000
2024-06-28,093736,202.900,-0.104804,28.1835000
2024-07-31,093736,225.000,0.067859,30.0960000
2024-08-30,093736,205.500,-0.038324,28.9426000
2024-09-30,093736,191.900,0.019487,29.4106000
2024-10-31,093736,145.300,-0.054497,27.8078000
2024-11-29,093736,125.800,0.010950,28.1123000
2024-12-31,093736,115.100,-0.070390,26.0210000
2025-01-31,093736,110.800,-0.009392,25.7766000
2025-02-28,093736,93.700,-0.073640,23.8784000
2025-03-31,093736,85.600,-0.037467,22.9740000
2025-04-30,093736,85.800,-0.010120,22.7415000
2025-05-30,093736,96.800,0.070994,24.3560000
2025-06-30,093736,93.000,0.061442,25.8274000
2025-07-31,093736,92.400,0.052297,27.1781000
2025-08-29,093736,97.100,0.082114,29.4098000
2025-09-30,093736,104.700,0.090738,31.9741000
2025-10-31,093736,115.300,0.101551,35.2211000
2025-11-28,093736,108.700,-0.050705,33.4352000
2025-12-31,093736,108.000,-0.025734,32.4853000
2026-01-30,093736,117.100,0.092623,35.4942000
2026-02-27,093736,113.100,-0.083090,32.5450000
2026-03-31,093736,112.100,0.028318,33.4567000
2026-04-30,093736,126.500,0.065443,35.6462000
2026-05-29,093736,145.300,0.173244,41.8217000
2026-06-30,093736,129.400,-0.151645,35.4607000
2019-01-31,094931,0.100,R,25.0000000
2019-02-28,094931,2.600,0.050952,26.2738000
2019-03-29,094931,2.700,0.012735,26.6084000
2019-04-30,094931,2.800,0.045486,27.8187000
2019-05-31,094931,2.600,-0.082840,25.5142000
2019-06-28,094931,2.700,0.053264,26.8732000
2019-07-31,094931,4.100,0.013199,27.2279000
2019-08-30,094931,3.900,-0.043701,26.0380000
2019-09-30,094931,4.000,0.020558,26.5733000
2019-10-31,094931,4.100,0.019042,27.0793000
2019-11-29,094931,4.200,0.045688,28.3165000
2019-12-31,094931,,-0.008783,28.0678000
2019-05-31,095402,2.500,R,24.7817000
2019-06-28,095402,2.600,0.038948,25.7469000
2019-07-31,095402,2.500,-0.010957,25.4648000
2019-08-30,095402,2.600,0.010002,25.7195000
2019-09-30,095402,2.600,0.012002,25.8264000
2019-10-31,095402,2.600,0.001820,25.8734000
2019-11-29,095402,2.600,-0.013125,25.5338000
2019-12-31,095402,2.700,0.051799,26.5682000
2020-01-31,095402,2.700,0.015669,26.9845000
2020-02-28,095402,2.500,-0.065560,25.2154000
2020-03-31,095402,2.100,-0.152010,21.3222000
2020-04-30,095402,2.300,0.078744,23.0012000
2020-05-29,095402,2.400,0.035798,23.8246000
2020-06-30,095402,2.300,-0.019403,23.2222000
2020-07-31,095402,2.400,0.024731,23.7965000
2020-08-31,095402,2.400,-0.000840,23.7765000
2020-09-30,095402,2.300,-0.028615,22.9366000
2020-10-30,095402,2.200,-0.030070,22.2469000
2020-11-30,095402,2.400,0.077660,23.9746000
2020-12-31,095402,2.400,0.010238,23.9264000
2021-01-29,095402,2.400,-0.002595,23.8643000
2021-02-26,095402,2.400,-0.010325,23.6179000
2021-03-31,095402,2.500,0.064446,25.1142000
2021-04-30,095402,4.000,0.049900,26.3674000
2021-05-28,095402,4.000,0.017438,26.8272000
2021-06-30,095402,4.000,0.007214,26.8542000
2021-07-30,095402,4.100,0.010803,27.1443000
2021-08-31,095402,4.200,0.030191,27.9638000
2021-09-30,095402,5.400,-0.032384,26.8194000
2021-10-29,095402,5.600,0.040620,27.9088000
2021-11-30,095402,5.300,-0.042599,26.7199000
2021-12-31,095402,5.600,0.065776,28.2076000
2022-01-31,095402,4.100,-0.025249,27.4954000
2022-02-28,095402,4.100,-0.004644,27.3677000
2022-03-31,095402,4.400,0.065041,29.0885000
2022-04-29,095402,4.200,-0.048885,27.6665000
2022-05-31,095402,4.300,0.034244,28.6139000
2022-06-30,095402,4.000,-0.068276,26.4583000
2022-07-29,095402,4.200,0.053624,27.8771000
2022-08-31,095402,4.000,-0.036783,26.8517000
2022-09-30,095402,3.500,-0.127667,23.2772000
2022-10-31,095402,3.600,0.037552,24.1513000
2022-11-30,095402,3.900,0.088902,26.2984000
2022-12-30,095402,3.800,-0.036105,25.1278000
2023-01-31,095402,4.000,0.053065,26.4612000
2023-02-28,095402,3.800,-0.047685,25.1994000
2023-03-31,095402,3.900,0.030679,25.8497000
2023-04-28,095402,4.000,0.022356,26.4276000
2023-05-31,095402,3.700,-0.054190,24.9955000
2023-06-30,095402,3.800,0.034184,25.6580000
2023-07-31,095402,3.900,0.016638,26.0849000
2023-08-31,095402,3.800,-0.038486,25.0810000
2023-09-29,095402,3.600,-0.049456,23.6821000
2023-10-31,095402,3.500,-0.019956,23.2095000
2023-11-30,095402,3.800,0.090838,25.3178000
2023-12-29,095402,3.900,0.037008,26.0034000
2024-01-31,095402,3.800,-0.035111,25.0904000
2024-02-29,095402,3.800,0.010147,25.3450000
2024-03-28,095402,3.900,0.035875,26.1966000
2024-04-30,095402,,,
2020-10-30,097763,1.400,R,14.3900000
2020-11-30,097763,3.700,0.038221,14.9400000
2020-12-31,097763,5.400,0.038611,15.4700000
2021-01-29,097763,9.500,0.020039,15.7800000
2021-02-26,097763,12.300,-0.028517,15.3300000
2021-03-31,097763,31.200,0.016308,15.5800000
2021-04-30,097763,46.700,0.062901,16.5600000
2021-05-28,097763,54.100,-0.010266,16.3900000
2021-06-30,097763,57.700,0.052916,17.1900000
2021-07-30,097763,64.200,0.004654,17.2700000
2021-08-31,097763,61.000,0.035321,17.8800000
2021-09-30,097763,64.400,-0.067114,16.6800000
2021-10-29,097763,75.100,0.044964,17.4300000
2021-11-30,097763,78.100,0.022949,17.8300000
2021-12-31,097763,80.800,0.044165,18.4500000
2022-01-31,097763,89.200,-0.119783,16.2400000
2022-02-28,097763,86.200,-0.034483,15.6800000
2022-03-31,097763,86.200,0.045281,16.3900000
2022-04-29,097763,77.200,-0.050031,15.5700000
2022-05-31,097763,82.700,0.009634,15.7200000
2022-06-30,097763,73.800,-0.052642,14.8200000
2022-07-29,097763,76.500,0.050607,15.5700000
2022-08-31,097763,71.800,-0.061015,14.6200000
2022-09-30,097763,63.400,-0.160055,12.2800000
2022-10-31,097763,55.400,-0.034202,11.8600000
2022-11-30,097763,63.100,0.139966,13.5200000
2022-12-30,097763,58.400,-0.055761,12.5200000
2023-01-31,097763,62.500,0.104633,13.8300000
2023-02-28,097763,44.000,-0.078091,12.7500000
2023-03-31,097763,31.500,0.032157,13.1600000
2023-04-28,097763,29.600,-0.008359,13.0500000
2023-05-31,097763,29.500,-0.006897,12.9600000
2023-06-30,097763,30.200,0.050714,13.5400000
2023-07-31,097763,31.100,0.024372,13.8700000
2023-08-31,097763,30.900,-0.024513,13.5300000
2023-09-29,097763,29.800,-0.061345,12.7000000
2023-10-31,097763,30.200,-0.021260,12.4300000
2023-11-30,097763,39.300,0.150442,14.3000000
2023-12-29,097763,50.600,0.029067,14.6200000
2024-01-31,097763,56.400,-0.010260,14.4700000
2024-02-29,097763,57.600,0.064271,15.4000000
2024-03-28,097763,62.300,0.008442,15.5300000
2024-04-30,097763,61.800,-0.081133,14.2700000
2024-05-31,097763,69.800,0.034338,14.7600000
2024-06-28,097763,76.700,0.024284,15.0100000
2024-07-31,097763,89.400,0.025316,15.3900000
2024-08-30,097763,93.400,0.044185,16.0700000
2024-09-30,097763,112.400,0.092719,17.5600000
2024-10-31,097763,134.300,-0.028474,17.0600000
2024-11-29,097763,138.300,0.029894,17.5700000
2024-12-31,097763,156.500,-0.048601,16.5400000
2025-01-31,097763,185.600,-0.012696,16.3300000
2025-02-28,097763,239.900,0.083282,17.6900000
2025-03-31,097763,231.500,-0.077445,16.3200000
2025-04-30,097763,223.900,0.018382,16.6200000
2025-05-30,097763,245.300,0.034898,17.2000000
2025-06-30,097763,289.400,0.085310,18.5700000
2025-07-31,097763,360.000,0.026925,19.0700000
2025-08-29,097763,377.100,-0.009963,18.8800000
2025-09-30,097763,479.000,0.082097,20.4300000
2025-10-31,097763,626.600,0.092022,22.3100000
2025-11-28,097763,624.500,-0.065442,20.8500000
2025-12-31,097763,747.400,0.017018,21.0700000
2026-01-30,097763,1108.500,0.167537,24.6000000
2026-02-27,097763,1217.000,0.038211,25.5400000
2026-03-31,097763,1196.600,-0.068912,23.7800000
2026-04-30,097763,1672.700,0.207317,28.7100000
2026-05-29,097763,2144.200,0.096830,31.4900000
2026-06-30,097763,2570.300,-0.034544,30.2900000
2021-04-30,098401,3.100,R,15.5100000
2021-05-28,098401,3.200,0.025790,15.9100000
2021-06-30,098401,3.200,-0.004356,15.8000000
2021-07-30,098401,4.000,0.053165,16.6400000
2021-08-31,098401,7.500,0.029447,17.1300000
2021-09-30,098401,8.300,-0.064799,16.0200000
2021-10-29,098401,8.700,0.046816,16.7700000
2021-11-30,098401,8.700,-0.002385,16.7300000
2021-12-31,098401,9.100,0.055554,17.4900000
2022-01-31,098401,8.100,-0.106346,15.6300000
2022-02-28,098401,7.800,-0.038388,15.0300000
2022-03-31,098401,6.900,0.012641,15.2200000
2022-04-29,098401,6.300,-0.080815,13.9900000
2022-05-31,098401,6.300,0.000715,14.0000000
2022-06-30,098401,5.900,-0.058660,13.1000000
2022-07-29,098401,6.800,0.102290,14.4400000
2022-08-31,098401,6.600,-0.034626,13.9400000
2022-09-30,098401,6.600,-0.110473,12.4000000
2022-10-31,098401,7.100,0.085484,13.4600000
2022-11-30,098401,7.600,0.062407,14.3000000
2022-12-30,098401,8.000,-0.022707,13.8400000
2023-01-31,098401,8.600,0.072254,14.8400000
2023-02-28,098401,8.400,-0.022911,14.5000000
2023-03-31,098401,8.500,0.008276,14.6200000
2023-04-28,098401,8.500,0.004104,14.6800000
2023-05-31,098401,8.400,-0.008856,14.5500000
2023-06-30,098401,8.500,0.068574,15.4400000
2023-07-31,098401,9.000,0.027202,15.8600000
2023-08-31,098401,9.300,-0.036570,15.2800000
2023-09-29,098401,8.600,-0.071990,14.1800000
2023-10-31,098401,8.500,-0.019746,13.9000000
2023-11-30,098401,9.400,0.107914,15.4000000
2023-12-29,098401,10.000,0.069667,16.3300000
2024-01-31,098401,8.900,-0.031843,15.8100000
2024-02-29,098401,9.400,0.066414,16.8600000
2024-03-28,098401,9.800,0.037960,17.5000000
2024-04-30,098401,9.600,-0.025143,17.0600000
2024-05-31,098401,10.200,0.030481,17.5800000
2024-06-28,098401,9.800,-0.032260,16.9300000
2024-07-31,098401,10.500,0.073833,18.1800000
2024-08-30,098401,10.500,-0.005501,18.0800000
2024-09-30,098401,10.800,0.027102,18.5700000
2024-10-31,098401,10.200,-0.049004,17.6600000
2024-11-29,098401,10.700,0.043601,18.4300000
2024-12-31,098401,9.800,-0.076896,16.8600000
2025-01-31,098401,10.000,0.027284,17.3200000
2025-02-28,098401,10.100,0.000577,17.3300000
2025-03-31,098401,9.900,-0.016734,17.0400000
2025-04-30,098401,10.400,0.049296,17.8800000
2025-05-30,098401,10.600,0.025727,18.3400000
2025-06-30,098401,11.300,0.031858,18.8200000
2025-07-31,098401,11.700,0.006908,18.9500000
2025-08-29,098401,12.600,0.036939,19.6500000
2025-09-30,098401,13.800,-0.010178,19.4500000
2025-10-31,098401,24.300,0.000000,19.4500000
2025-11-28,098401,21.900,-0.005656,19.3400000
2025-12-31,098401,20.000,-0.018064,18.8200000
2026-01-30,098401,23.600,0.054198,19.8400000
2026-02-27,098401,41.400,0.047883,20.7900000
2026-03-31,098401,26.000,-0.088504,18.9500000
2026-04-30,098401,25.800,0.030607,19.5300000
2026-05-29,098401,23.800,-0.040963,18.7300000
2026-06-30,098401,23.900,0.051652,19.5700000
2021-07-30,098766,2.100,R,20.9698000
2021-08-31,098766,2.100,0.022561,21.4429000
2021-09-30,098766,2.000,-0.066600,20.0148000
2021-10-29,098766,2.300,0.158058,23.1783000
2021-11-30,098766,2.300,-0.025274,22.5925000
2021-12-31,098766,2.000,-0.094195,20.4644000
2022-01-31,098766,2.100,-0.175344,16.8761000
2022-02-28,098766,2.200,0.056541,17.8303000
2022-03-31,098766,2.400,0.055608,18.8218000
2022-04-29,098766,1.900,-0.171833,15.5876000
2022-05-31,098766,2.000,0.041931,16.2412000
2022-06-30,098766,1.800,-0.126302,14.1899000
2022-07-29,098766,2.100,0.203645,17.0796000
2022-08-31,098766,2.500,-0.010556,16.8993000
2022-09-30,098766,2.900,-0.138136,14.5649000
2022-10-31,098766,2.900,0.008349,14.6865000
2022-11-30,098766,3.200,0.089272,15.9976000
2022-12-30,098766,3.000,-0.074686,14.8028000
2023-01-31,098766,3.400,0.160456,17.1780000
2023-02-28,098766,3.300,-0.052870,16.2698000
2023-03-31,098766,3.200,-0.018353,15.9712000
2023-04-28,098766,2.600,-0.084233,14.6259000
2023-05-31,098766,2.200,0.012211,14.8045000
2023-06-30,098766,2.400,0.067311,15.8010000
2023-07-31,098766,2.500,0.047839,16.5569000
2023-08-31,098766,2.000,-0.144598,14.1628000
2023-09-29,098766,1.800,-0.104633,12.6809000
2023-10-31,098766,1.500,-0.156180,10.7004000
2023-11-30,098766,1.700,0.107949,11.8555000
2023-12-29,098766,1.900,0.146790,13.4626000
2024-01-31,098766,1.700,-0.122272,11.8165000
2021-08-31,098843,2.600,R,26.1290000
2021-09-30,098843,3.700,-0.066363,24.3950000
2021-10-29,098843,4.200,0.149006,28.0300000
2021-11-30,098843,3.900,-0.065644,26.1900000
2021-12-31,098843,3.700,-0.068843,24.3870000
2022-01-31,098843,3.200,-0.128265,21.2590000
2022-02-28,098843,3.500,0.083823,23.0410000
2022-03-31,098843,3.600,0.035979,23.8700000
2022-04-29,098843,3.200,-0.105530,21.3510000
2022-05-31,098843,3.300,0.045384,22.3200000
2022-06-30,098843,3.100,-0.074649,20.5420000
2022-07-29,098843,3.700,0.190780,24.4610000
2022-08-31,098843,3.700,-0.002330,24.4040000
2022-09-30,098843,3.200,-0.125963,21.3300000
2022-10-31,098843,3.200,0.011252,21.5700000
2022-11-30,098843,3.600,0.100927,23.7470000
2022-12-30,098843,3.400,-0.056793,22.3680000
2023-01-31,098843,3.500,0.045869,23.3940000
2023-02-28,098843,3.300,-0.052834,22.1580000
2023-03-31,098843,3.400,0.012591,22.4370000
2023-04-28,098843,3.200,-0.051299,21.2860000
2023-05-31,098843,3.100,-0.025698,20.7390000
2023-06-30,098843,3.200,0.021923,21.0700000
2023-07-31,098843,3.100,-0.003560,20.9950000
2023-08-31,098843,7.500,-0.110121,18.6830000
2023-09-29,098843,6.900,-0.082695,17.1380000
2023-10-31,098843,6.300,-0.083149,15.7130000
2023-11-30,098843,6.900,0.093744,17.1860000
2023-12-29,098843,7.300,0.069029,18.2870000
2024-01-31,098843,6.600,-0.091322,16.6170000
2024-02-29,098843,6.700,0.003190,16.6700000
2024-03-28,098843,6.600,0.053449,17.5610000
2024-04-30,098843,5.200,-0.022151,17.1720000
2024-05-31,098843,6.000,0.157407,19.8750000
2024-06-28,098843,5.300,-0.108627,17.6170000
2024-07-31,098843,5.600,0.062780,18.7230000
2024-08-30,098843,5.200,0.011109,18.9310000
2024-09-30,098843,5.500,0.047277,19.8260000
2024-10-31,098843,5.000,-0.086755,18.1060000
2024-11-29,098843,5.400,0.001657,18.1360000
2024-12-31,098843,5.400,-0.076099,16.6660000
2025-01-31,098843,5.500,0.018601,16.9760000
2025-02-28,098843,5.400,-0.025624,16.5410000
2025-03-31,098843,5.400,0.002479,16.5820000
2025-04-30,098843,5.500,0.025751,17.0090000
2025-05-30,098843,6.000,0.079664,18.3640000
2025-06-30,098843,6.800,0.061622,19.2990000
2025-07-31,098843,7.100,0.056791,20.3950000
2025-08-29,098843,7.700,0.074332,21.9110000
2025-09-30,098843,4.700,0.077997,23.6200000
2025-10-31,098843,5.300,0.115665,26.3520000
2025-11-28,098843,5.200,-0.006869,26.1710000
2025-12-31,098843,5.100,-0.016182,25.4250000
2026-01-30,098843,5.600,0.110206,28.2270000
2026-02-27,098843,5.700,0.005137,28.3720000
2026-03-31,098843,5.600,-0.011948,28.0330000
2026-04-30,098843,6.400,0.137980,31.9010000
2026-05-29,098843,7.100,0.120435,35.7430000
2026-06-30,098843,6.300,-0.115195,31.4310000
2021-10-29,099030,8.700,R,29.0765000
2021-11-30,099030,21.200,-0.089144,26.4845000
2021-12-31,099030,19.800,-0.065861,24.7303000
2022-01-31,099030,23.400,-0.138373,21.3083000
2022-02-28,099030,25.700,0.096333,23.3610000
2022-03-31,099030,26.700,0.040221,24.2846000
2022-04-29,099030,24.500,-0.123156,21.2938000
2022-05-31,099030,28.900,0.045614,22.2651000
2022-06-30,099030,28.300,-0.054812,20.9540000
2022-07-29,099030,34.200,0.164847,24.4082000
2022-08-31,099030,40.700,0.010189,24.6569000
2022-09-30,099030,35.700,-0.148019,21.0072000
2022-10-31,099030,35.100,-0.017527,20.6390000
2022-11-30,099030,39.200,0.117457,23.0632000
2022-12-30,099030,38.000,-0.057807,21.7174000
2023-01-31,099030,44.300,0.073259,23.3084000
2023-02-28,099030,41.200,-0.070704,21.6604000
2023-03-31,099030,41.400,0.033398,22.3557000
2023-04-28,099030,39.300,-0.048717,21.2666000
2023-05-31,099030,38.100,-0.030564,20.6166000
2023-06-30,099030,38.500,0.014217,20.8139000
2023-07-31,099030,38.100,-0.010700,20.5912000
2023-08-31,099030,32.000,-0.135519,17.8007000
2023-09-29,099030,28.700,-0.101552,15.9283000
2023-10-31,099030,25.200,-0.119655,14.0224000
2023-11-30,099030,27.800,0.102108,15.4542000
2023-12-29,099030,31.100,0.118594,17.2561000
2024-01-31,099030,27.000,-0.132046,14.9775000
2024-02-29,099030,26.100,-0.031494,14.5058000
2024-03-28,099030,26.900,0.029510,14.9183000
2024-04-30,099030,24.800,-0.048873,14.1892000
2024-05-31,099030,29.000,0.167064,16.5597000
2024-06-28,099030,25.400,-0.118303,14.5067000
2024-07-31,099030,26.600,0.048757,15.2140000
2024-08-30,099030,27.400,-0.000092,15.2126000
2024-09-30,099030,29.200,0.071362,16.2313000
2024-10-31,099030,26.600,-0.088545,14.7941000
2024-11-29,099030,26.600,-0.002413,14.7584000
2024-12-31,099030,24.300,-0.084408,13.4968000
2025-01-31,099030,24.000,-0.011758,13.3381000
2025-02-28,099030,23.900,-0.006058,13.2573000
2025-03-31,099030,23.100,-0.032394,12.8146000
2025-04-30,099030,21.700,0.027086,13.1617000
2025-05-30,099030,24.000,0.107296,14.5739000
2025-06-30,099030,25.700,0.076584,15.5673000
2025-07-31,099030,27.600,0.075087,16.7362000
2025-08-29,099030,29.400,0.064585,17.8171000
2025-09-30,099030,31.900,0.090398,19.3450000
2025-10-31,099030,37.400,0.104285,21.3624000
2025-11-28,099030,40.100,-0.036583,20.5809000
2025-12-31,099030,39.600,-0.012436,20.2841000
2026-01-30,099030,51.800,0.109618,22.5076000
2026-02-27,099030,62.600,0.012151,22.7811000
2026-03-31,099030,63.800,0.000125,22.7688000
2026-04-30,099030,140.800,0.104450,25.1470000
2026-05-29,099030,165.900,0.099539,27.6501000
2026-06-30,099030,109.900,-0.112039,24.4154000
2021-10-29,099105,1.500,R,14.6598000
2021-11-30,099105,1.400,-0.011289,14.4943000
2021-12-31,099105,1.900,0.042614,15.0746000
2022-01-31,099105,1.700,-0.084268,13.8043000
2022-02-28,099105,2.300,-0.065204,12.9042000
2022-03-31,099105,2.400,0.062406,13.7095000
2022-04-29,099105,2.200,-0.076845,12.6560000
2022-05-31,099105,2.300,0.050506,13.2952000
2022-06-30,099105,2.200,-0.072003,12.3379000
2022-07-29,099105,2.200,0.011047,12.4742000
2022-08-31,099105,2.000,-0.063355,11.6839000
2022-09-30,099105,1.700,-0.184801,9.5247000
2022-10-31,099105,1.700,0.016315,9.6801000
2022-11-30,099105,3.000,0.040671,10.0738000
2022-12-30,099105,2.900,-0.045622,9.5129000
2023-01-31,099105,3.100,0.103407,10.4966000
2023-02-28,099105,2.900,-0.087438,9.5788000
2023-03-31,099105,2.800,-0.018906,9.3977000
2023-04-28,099105,2.900,0.025421,9.6366000
2023-05-31,099105,2.600,-0.091474,8.7551000
2023-06-30,099105,2.900,0.095670,9.5927000
2023-07-31,099105,2.900,0.022986,9.8132000
2023-08-31,099105,1.200,-0.003027,9.7835000
2023-09-29,099105,1.200,-0.045178,9.3415000
2023-10-31,099105,1.100,-0.027843,9.0814000
2023-11-30,099105,1.200,0.057293,9.6017000
2021-11-30,099153,9.700,R,38.8600000
2021-12-31,099153,10.500,0.080493,41.8800000
2022-01-31,099153,17.300,-0.080946,38.4900000
2022-02-28,099153,18.900,-0.018446,37.7800000
2022-03-31,099153,21.900,0.053709,39.7500000
2022-04-29,099153,22.500,-0.057862,37.4500000
2022-05-31,099153,22.900,-0.022697,36.6000000
2022-06-30,099153,21.100,-0.072124,33.7200000
2022-07-29,099153,25.400,0.075623,36.2700000
2022-08-31,099153,24.000,-0.055693,34.2500000
2022-09-30,099153,19.900,-0.135053,29.4900000
2022-10-31,099153,20.500,0.030858,30.4000000
2022-11-30,099153,23.200,0.091118,33.1700000
2022-12-30,099153,23.200,-0.029804,32.0200000
2023-01-31,099153,25.000,0.076827,34.4800000
2023-02-28,099153,23.900,-0.042343,33.0200000
2023-03-31,099153,23.900,0.000000,33.0200000
2023-04-28,099153,24.700,0.032405,34.0900000
2023-05-31,099153,23.500,-0.048401,32.4400000
2023-06-30,099153,23.900,0.026223,32.9600000
2023-07-31,099153,24.500,0.024879,33.7800000
2023-08-31,099153,23.400,-0.043221,32.3200000
2023-09-29,099153,22.000,-0.062500,30.3000000
2023-10-31,099153,20.700,-0.024092,29.5700000
2023-11-30,099153,23.000,0.111938,32.8800000
2023-12-29,099153,24.000,0.056322,34.3000000
2024-01-31,099153,21.500,-0.037609,33.0100000
2024-02-29,099153,18.800,-0.008785,32.7200000
2024-03-28,099153,18.500,0.030257,33.7100000
2024-04-30,099153,17.600,-0.053100,31.9200000
2024-05-31,099153,18.500,0.055451,33.6900000
2024-06-28,099153,15.600,-0.013151,32.8000000
2024-07-31,099153,16.600,0.066768,34.9900000
2024-08-30,099153,16.500,0.050300,36.7500000
2024-09-30,099153,17.000,0.025578,37.6900000
2024-10-31,099153,16.100,-0.049615,35.8200000
2024-11-29,099153,16.500,0.021776,36.6000000
2024-12-31,099153,15.200,-0.070928,33.6900000
2022-02-28,099541,8.300,R,41.7500000
2022-03-31,099541,8.400,0.011403,42.2000000
2022-04-29,099541,7.500,-0.116588,37.2800000
2022-05-31,099541,7.800,0.040236,38.7800000
2022-06-30,099541,7.400,-0.035777,37.2200000
2022-07-29,099541,8.100,0.094573,40.7400000
2022-08-31,099541,7.900,-0.028719,39.5700000
2022-09-30,099541,6.900,-0.128395,34.3800000
2022-10-31,099541,7.000,0.020942,35.1000000
2022-11-30,099541,7.700,0.093162,38.3700000
2022-12-30,099541,7.300,-0.042741,36.5700000
2023-01-31,099541,9.800,0.070276,39.1400000
2023-02-28,099541,9.300,-0.050588,37.1600000
2023-03-31,099541,9.600,0.038751,38.6000000
2023-04-28,099541,9.400,-0.025907,37.6000000
2023-05-31,099541,9.100,-0.029521,36.4900000
2023-06-30,099541,9.400,0.037007,37.5600000
2023-07-31,099541,9.600,0.023429,38.4400000
2023-08-31,099541,8.800,-0.088450,35.0400000
2023-09-29,099541,8.000,-0.083619,32.1100000
2023-10-31,099541,7.600,-0.055123,30.3400000
2023-11-30,099541,11.600,0.089651,33.0600000
2023-12-29,099541,11.900,0.041395,34.1400000
2024-01-31,099541,11.100,-0.073228,31.6400000
2024-02-29,099541,11.200,0.009798,31.9500000
2024-03-28,099541,11.600,0.035994,33.1000000
2024-04-30,099541,11.600,-0.001208,33.0600000
2024-05-31,099541,12.300,0.064731,35.2000000
2024-06-28,099541,11.500,-0.051678,32.9500000
2024-07-31,099541,12.300,0.064947,35.0900000
2024-08-30,099541,12.600,0.024223,35.9400000
2024-09-30,099541,13.500,0.072621,38.5500000
2024-10-31,099541,12.900,-0.046433,36.7600000
2024-11-29,099541,11.200,0.015778,37.3400000
2024-12-31,099541,10.600,-0.048130,35.2200000
2022-04-29,099773,5.100,R,22.7400000
2022-05-31,099773,5.300,0.027704,23.3700000
2022-06-30,099773,4.900,-0.074882,21.6200000
2022-07-29,099773,5.500,0.136448,24.5700000
2022-08-31,099773,5.400,-0.015059,24.2000000
2022-09-30,099773,5.000,-0.090909,22.0000000
2022-10-31,099773,5.200,0.044091,22.9700000
2022-11-30,099773,5.600,0.092730,25.1000000
2022-12-30,099773,5.300,-0.058512,23.4300000
2023-01-31,099773,8.000,0.052924,24.6700000
2023-02-28,099773,23.900,-0.029591,23.9400000
2023-03-31,099773,25.000,0.020468,24.4300000
2023-04-28,099773,24.700,-0.013917,24.0900000
2023-05-31,099773,24.500,-0.007472,23.9100000
2023-06-30,099773,25.700,0.048934,25.0800000
2023-07-31,099773,26.800,0.017145,25.5100000
2023-08-31,099773,25.400,-0.052920,24.1600000
2023-09-29,099773,24.100,-0.070364,22.4600000
2023-10-31,099773,23.000,-0.045414,21.4400000
2023-11-30,099773,25.400,0.100746,23.6000000
2023-12-29,099773,26.700,0.066913,24.8700000
2024-01-31,099773,25.400,-0.049457,23.6400000
2024-02-29,099773,27.100,0.066836,25.2200000
2024-03-28,099773,28.600,0.053925,26.5800000
2024-04-30,099773,28.200,-0.011663,26.2700000
2024-05-31,099773,31.600,0.094024,28.7400000
2024-06-28,099773,30.100,-0.048017,27.3600000
2024-07-31,099773,31.400,0.042763,28.5300000
2024-08-30,099773,32.400,0.031546,29.4300000
2024-09-30,099773,33.900,0.047910,30.8400000
2024-10-31,099773,14.600,-0.006809,30.6300000
2024-11-29,099773,17.300,0.128632,34.5700000
2024-12-31,099773,15.900,-0.057939,31.7635000
2025-01-31,099773,12.400,0.038928,33.0000000
2025-02-28,099773,13.300,0.004545,33.1500000
2025-03-31,099773,20.900,0.016970,33.5000000
2025-04-30,099773,20.000,-0.083582,30.7000000
2025-05-30,099773,20.700,0.036808,31.8300000
2025-06-30,099773,22.200,0.042859,32.9200000
2025-07-31,099773,22.100,-0.003645,32.8000000
2025-08-29,099773,22.100,-0.000610,32.7800000
2025-09-30,099773,22.100,0.009066,32.8000000
2025-10-31,099773,22.200,-0.031098,31.7800000
2025-11-28,099773,28.400,0.052863,33.4600000
2025-12-31,099773,28.600,-0.018895,32.7000000
2026-01-30,099773,32.900,0.089297,35.6200000
2026-02-27,099773,39.200,0.100225,39.1900000
2026-03-31,099773,42.100,0.055829,41.1000000
2026-04-30,099773,44.900,0.015328,41.7300000
2026-05-29,099773,44.200,-0.057752,39.3200000
2026-06-30,099773,44.900,0.000457,39.0400000
2022-07-29,100195,23.400,R,21.2600000
2022-08-31,100195,23.800,0.018344,21.6500000
2022-09-30,100195,21.600,-0.112240,19.2200000
2022-10-31,100195,21.400,-0.012487,18.9800000
2022-11-30,100195,23.400,0.095364,20.7900000
2022-12-30,100195,21.000,-0.096371,18.6600000
2023-01-31,100195,24.900,-0.012862,18.4200000
2023-02-28,100195,23.100,-0.072204,17.0900000
2023-03-31,100195,22.800,-0.013458,16.8600000
2023-04-28,100195,21.500,-0.054567,15.9400000
2023-05-31,100195,19.200,-0.108532,14.2100000
2023-06-30,100195,26.300,0.090781,15.5000000
2023-07-31,100195,25.800,-0.022581,15.1500000
2023-08-31,100195,25.600,-0.005941,15.0600000
2023-09-29,100195,24.700,-0.033865,14.5500000
2023-10-31,100195,24.500,-0.008247,14.4300000
2023-11-30,100195,23.400,-0.059598,13.5700000
2023-12-29,100195,21.500,-0.022447,12.8200000
2024-01-31,100195,20.500,-0.060062,12.0500000
2024-02-29,100195,19.100,-0.053942,11.4000000
2024-03-28,100195,20.200,0.044737,11.9100000
2024-04-30,100195,21.600,0.066331,12.7000000
2024-05-31,100195,23.300,0.079528,13.7100000
2024-06-28,100195,22.400,-0.037929,13.1900000
2024-07-31,100195,21.200,-0.038666,12.6800000
2024-08-30,100195,11.600,0.016562,12.8900000
2024-09-30,100195,11.900,0.024825,13.2100000
2024-10-31,100195,11.700,-0.018925,12.9600000
2024-11-29,100195,12.100,0.033951,13.4000000
2022-09-30,100504,9.200,R,40.9200000
2022-10-31,100504,9.700,0.049853,42.9600000
2022-11-30,100504,10.700,0.106145,47.5200000
2022-12-30,100504,10.300,-0.031570,45.6800000
2023-01-31,100504,11.000,0.066769,48.7300000
2023-02-28,100504,10.400,-0.047609,46.4100000
2023-03-31,100504,10.600,0.011420,46.9400000
2023-04-28,100504,10.700,0.017895,47.7800000
2023-05-31,100504,14.900,-0.042905,45.7300000
2023-06-30,100504,15.400,0.037831,47.4600000
2023-07-31,100504,25.400,0.019385,48.3800000
2023-08-31,100504,24.300,-0.045060,46.2000000
2023-09-29,100504,22.600,-0.067749,43.0700000
2023-10-31,100504,22.300,-0.015788,42.3900000
2023-11-30,100504,24.700,0.109696,47.0400000
2023-12-29,100504,25.700,0.056993,48.9100000
2024-01-31,100504,24.400,-0.051523,46.3900000
2024-02-29,100504,24.200,-0.006251,46.1000000
2024-03-28,100504,24.900,0.028633,47.4200000
2024-04-30,100504,23.900,-0.038170,45.6100000
2024-05-31,100504,25.700,0.073010,48.9400000
2024-06-28,100504,24.900,-0.032284,47.3600000
2024-07-31,100504,26.400,0.062922,50.3400000
2024-08-30,100504,27.500,0.040127,52.3600000
2024-09-30,100504,23.200,0.042590,54.5900000
2024-10-31,100504,22.100,-0.046895,52.0300000
2024-11-29,100504,22.100,-0.001538,51.9500000
2024-12-31,100504,19.800,-0.071119,46.5000000
2025-01-31,100504,19.800,0.001935,46.5900000
2025-02-28,100504,20.300,0.025327,47.7700000
2022-09-30,100549,4.600,R,23.1821000
2022-10-31,100549,5.000,0.076688,24.9599000
2022-11-30,100549,5.500,0.095325,27.3392000
2022-12-30,100549,5.200,-0.038746,26.1974000
2023-01-31,100549,5.600,0.064132,27.8775000
2023-02-28,100549,5.500,-0.021092,27.2895000
2023-03-31,100549,5.700,0.035728,28.2645000
2023-04-28,100549,5.700,0.005102,28.4087000
2023-05-31,100549,5.600,-0.021613,27.7947000
2023-06-30,100549,5.800,0.044825,28.7564000
2023-07-31,100549,5.900,0.021508,29.3749000
2023-08-31,100549,5.600,-0.046495,28.0091000
2023-09-29,100549,5.300,-0.062362,26.2624000
2023-10-31,100549,5.100,-0.032647,25.4050000
2023-11-30,100549,5.600,0.093970,27.7923000
2023-12-29,100549,5.800,0.073980,28.8227000
2024-01-31,100549,5.700,-0.012893,28.4511000
2024-02-29,100549,6.000,0.046353,29.7699000
2024-03-28,100549,6.200,0.036043,30.8429000
2024-04-30,100549,6.000,-0.025572,30.0542000
2024-05-31,100549,6.300,0.044656,31.3963000
2024-06-28,100549,6.100,-0.018197,30.5674000
2024-07-31,100549,6.300,0.036621,31.6868000
2024-08-30,100549,6.300,-0.003039,31.5905000
2024-09-30,100549,6.400,0.018752,32.1829000
2024-10-31,100549,6.200,-0.033310,31.1109000
2024-11-29,100549,6.300,0.014448,31.5604000
2024-12-31,100549,5.900,-0.046233,29.3430000
2025-01-31,100549,6.000,0.022002,29.9886000
2025-02-28,100549,4.500,0.001667,30.0386000
2025-03-31,100549,5.800,-0.034982,28.9878000
2025-04-30,100549,6.000,0.036264,30.0390000
2025-05-30,100549,6.400,0.066607,32.0398000
2025-06-30,100549,6.800,0.066167,33.7837000
2025-07-31,100549,6.600,-0.020460,33.0925000
2022-10-31,100618,1.400,R,27.0827000
2022-11-30,100618,1.400,0.037145,28.0887000
2022-12-30,100618,1.200,-0.131226,24.3449000
2023-01-31,100618,1.400,0.109255,27.0047000
2023-02-28,100618,1.300,-0.038319,25.9699000
2023-03-31,100618,1.300,-0.006165,25.8098000
2023-04-28,100618,1.200,-0.052259,24.4610000
2023-05-31,100618,1.200,-0.000707,24.4437000
2023-06-30,100618,2.000,0.070083,26.1568000
2023-07-31,100618,2.100,0.060558,27.7408000
2023-08-31,100618,1.900,-0.082485,25.4526000
2023-09-29,100618,1.800,-0.056564,24.0129000
2023-10-31,100618,1.600,-0.114039,21.2745000
2023-11-30,100618,1.700,0.080510,22.9873000
2023-12-29,100618,1.900,0.089433,24.8286000
2024-01-31,100618,1.700,-0.112431,22.0371000
2024-02-29,100618,1.700,0.041598,22.9538000
2024-03-28,100618,1.800,0.023343,23.4896000
2024-04-30,100618,1.700,-0.054313,22.2138000
2024-05-31,100618,1.900,0.118944,24.8560000
2024-06-28,100618,1.800,-0.036369,23.9520000
2024-07-31,100618,1.900,0.064291,25.4919000
2024-08-30,100618,1.900,-0.003797,25.3951000
2024-09-30,100618,1.900,-0.002308,25.3365000
2024-10-31,100618,1.800,-0.062092,23.7633000
2024-11-29,100618,2.000,0.109425,26.3636000
2024-12-31,100618,1.900,-0.039963,25.1138000
2025-01-31,100618,1.900,0.007840,25.3107000
2025-02-28,100618,1.800,-0.043812,24.2018000
2025-03-31,100618,1.800,-0.022007,23.6692000
2025-04-30,100618,1.800,-0.003038,23.5973000
2025-05-30,100618,1.900,0.047120,24.7092000
2022-11-30,100643,4.400,R,27.2706000
2022-12-30,100643,4.200,-0.045759,25.9885000
2023-01-31,100643,4.600,0.096777,28.5036000
2023-02-28,100643,4.400,-0.039118,27.3886000
2023-03-31,100643,4.400,0.004568,27.5137000
2023-04-28,100643,4.400,0.001941,27.5671000
2023-05-31,100643,4.300,-0.033435,26.6454000
2023-06-30,100643,4.500,0.062362,28.0861000
2023-07-31,100643,4.700,0.036100,29.1000000
2023-08-31,100643,4.400,-0.045639,27.7719000
2023-09-29,100643,4.100,-0.066225,25.9327000
2023-10-31,100643,4.000,-0.036321,24.9908000
2023-11-30,100643,4.400,0.099040,27.4659000
2023-12-29,100643,4.700,0.069169,29.1494000
2024-01-31,100643,4.500,-0.028402,28.3215000
2024-02-29,100643,4.700,0.041735,29.5035000
2024-03-28,100643,4.900,0.043395,30.7838000
2024-04-30,100643,4.800,-0.024422,30.0320000
2024-05-31,100643,5.100,0.056280,31.7222000
2024-06-28,100643,4.900,-0.035262,30.3453000
2024-07-31,100643,5.200,0.069517,32.4548000
2024-08-30,100643,5.300,0.022511,33.1854000
2024-09-30,100643,5.400,0.020868,33.8779000
2024-10-31,100643,5.200,-0.031569,32.8084000
2024-11-29,100643,5.400,0.020754,33.4893000
2024-12-31,100643,4.900,-0.065755,30.4241000
2025-01-31,100643,5.000,0.019938,31.0307000
2025-02-28,100643,4.900,-0.015356,30.5542000
2025-03-31,100643,4.900,-0.005400,30.3892000
2025-04-30,100643,5.100,0.042147,31.6700000
2025-05-30,100643,5.300,0.036757,32.8341000
2025-06-30,100643,5.300,0.027123,33.3872000
2025-07-31,100643,5.300,-0.009866,33.0578000
2025-08-29,100643,5.500,0.040741,34.4046000
2025-09-30,100643,5.500,-0.001572,34.3505000
2025-10-31,100643,5.400,-0.017522,33.7486000
2025-11-28,100643,5.400,0.007903,34.0153000
2025-12-31,100643,5.300,0.009282,33.2222000
2026-01-30,100643,5.600,0.057651,35.1375000
2026-02-27,100643,6.000,0.065463,37.4377000
2026-03-31,100643,5.500,-0.084490,34.2746000
2026-04-30,100643,5.700,0.039306,35.6218000
2026-05-29,100643,5.500,-0.026795,34.6673000
2026-06-30,100643,5.700,0.041659,35.7593000
2022-11-30,100676,11.000,R,27.5730000
2022-12-30,100676,10.700,-0.023342,26.7860000
2023-01-31,100676,11.400,0.061114,28.4230000
2023-02-28,100676,10.900,-0.039827,27.2910000
2023-03-31,100676,11.200,0.021802,27.8860000
2023-04-28,100676,15.900,0.045321,28.9620000
2023-05-31,100676,15.000,-0.059664,27.2340000
2023-06-30,100676,15.700,0.047698,28.5330000
2023-07-31,100676,15.700,0.023508,28.6160000
2023-08-31,100676,15.200,-0.032604,27.6830000
2023-09-29,100676,14.300,-0.060145,26.0180000
2023-10-31,100676,14.100,-0.001296,25.7030000
2023-11-30,100676,15.200,0.078201,27.7130000
2023-12-29,100676,15.400,0.017448,27.9500000
2024-01-31,100676,16.700,-0.007013,27.7540000
2024-02-29,100676,16.700,0.004396,27.8760000
2024-03-28,100676,17.400,0.038743,28.9560000
2024-04-30,100676,21.200,-0.014561,28.2380000
2024-05-31,100676,30.400,0.075678,30.3750000
2024-06-28,100676,28.600,-0.057712,28.6220000
2024-07-31,100676,32.900,0.057778,29.9080000
2024-08-30,100676,31.400,0.049385,31.3850000
2024-09-30,100676,32.400,0.033710,32.4430000
2024-10-31,100676,37.800,-0.021038,31.4590000
2024-11-29,100676,35.300,0.020948,32.1180000
2024-12-31,100676,34.600,-0.051024,30.0660000
2025-01-31,100676,36.100,0.045300,31.4280000
2025-02-28,100676,42.600,0.041651,32.7370000
2025-03-31,100676,77.400,0.051165,34.4120000
2025-04-30,100676,113.100,0.045579,35.9120000
2025-05-30,100676,169.600,0.049593,37.6930000
2025-06-30,100676,191.700,0.038150,39.1310000
2025-07-31,100676,204.800,-0.000371,38.6400000
2025-08-29,100676,222.000,-0.009550,38.2710000
2025-09-30,100676,258.100,0.014267,38.8170000
2025-10-31,100676,305.200,0.022275,39.3750000
2025-11-28,100676,365.600,0.037486,40.8510000
2025-12-31,100676,415.000,-0.008274,40.2890000
2026-01-30,100676,554.300,0.046266,42.1530000
2026-02-27,100676,738.400,0.094869,46.1520000
2026-03-31,100676,818.000,-0.044462,44.1000000
2026-04-30,100676,982.200,0.033565,45.3650000
2026-05-29,100676,1078.700,-0.002998,45.2290000
2026-06-30,100676,1140.300,-0.007385,44.8950000
2022-12-30,100784,2.400,R,24.1200000
2023-01-31,100784,2.500,0.040630,25.1000000
2023-02-28,100784,2.400,-0.044223,23.9900000
2023-03-31,100784,2.500,0.051271,25.2200000
2023-04-28,100784,2.600,0.036082,26.1300000
2023-05-31,100784,2.500,-0.042097,25.0300000
2023-06-30,100784,2.500,0.022713,25.3500000
2023-07-31,100784,2.500,0.001972,25.4000000
2023-08-31,100784,9.600,-0.059843,23.8800000
2023-09-29,100784,8.900,-0.068677,22.2400000
2023-10-31,100784,7.800,-0.000899,22.2200000
2023-11-30,100784,8.400,0.085509,24.1200000
2023-12-29,100784,8.600,0.041721,24.6200000
2024-01-31,100784,8.400,-0.028838,23.9100000
2024-02-29,100784,8.200,-0.025512,23.3000000
2024-03-28,100784,8.300,0.018455,23.7300000
2024-04-30,100784,8.000,-0.033713,22.9300000
2024-05-31,100784,8.500,0.054950,24.1900000
2024-06-28,100784,8.000,-0.042393,22.9800000
2024-07-31,100784,8.600,0.070061,24.5900000
2024-08-30,100784,8.900,0.031720,25.3700000
2024-09-30,100784,9.200,0.037052,26.3100000
2024-10-31,100784,9.800,-0.064614,24.6100000
2024-11-29,100784,9.800,-0.003251,24.5300000
2024-12-31,100784,9.000,-0.068579,22.5000000
2025-01-31,100784,8.900,-0.008889,22.3000000
2025-02-28,100784,9.100,0.025112,22.8600000
2025-03-31,100784,9.600,0.049431,23.9900000
2025-04-30,100784,11.600,0.077949,25.8600000
2025-05-30,100784,11.800,0.016241,26.2800000
2025-06-30,100784,12.000,0.024692,26.7100000
2025-07-31,100784,11.800,-0.021228,26.1430000
2025-08-29,100784,11.800,0.003978,26.2470000
2025-09-30,100784,10.600,0.012382,26.5720000
2025-10-31,100784,12.200,0.018666,27.0680000
2025-11-28,100784,12.600,0.033102,27.9640000
2025-12-31,100784,12.300,-0.005888,27.3190000
2022-12-30,100842,2.500,R,24.5527000
2023-01-31,100842,2.500,-0.001112,24.5254000
2023-02-28,100842,2.400,-0.038385,23.5840000
2023-03-31,100842,2.400,0.044208,24.4829000
2023-04-28,100842,2.500,0.024507,25.0829000
2023-05-31,100842,2.400,-0.050237,23.8228000
2023-06-30,100842,2.900,0.033743,24.5069000
2023-07-31,100842,3.000,0.006129,24.6571000
2023-08-31,100842,2.500,-0.083173,22.6063000
2023-09-29,100842,2.200,-0.091244,20.2786000
2023-10-31,100842,2.200,-0.029179,19.6869000
2023-11-30,100842,2.400,0.091360,21.4855000
2023-12-29,100842,2.500,0.064045,22.8000000
2024-01-31,100842,2.300,-0.070601,21.1903000
2024-02-29,100842,2.200,-0.052491,20.0780000
2024-03-28,100842,2.300,0.044984,20.8861000
2024-04-30,100842,2.300,0.006219,21.0160000
2024-05-31,100842,2.600,0.121146,23.5620000
2024-06-28,100842,2.400,-0.064107,21.9434000
2024-07-31,100842,2.600,0.059348,23.2457000
2024-08-30,100842,2.600,0.024103,23.8060000
2024-09-30,100842,2.700,0.055285,24.8987000
2024-10-31,100842,2.600,-0.068148,23.2019000
2024-11-29,100842,2.500,-0.008564,23.0032000
2024-12-31,100842,2.300,-0.097978,20.6916000
2025-01-31,100842,2.900,-0.009023,20.5049000
2025-02-28,100842,2.900,0.027467,21.0681000
2025-03-31,100842,2.200,0.048495,22.0143000
2025-04-30,100842,2.300,0.041250,22.9224000
2025-05-30,100842,2.400,0.028056,23.5655000
2025-06-30,100842,2.400,0.041725,24.3203000
2025-07-31,100842,2.400,0.006797,24.4856000
2025-08-29,100842,2.500,0.011827,24.7752000
2025-09-30,100842,2.500,0.036890,25.4795000
2025-10-31,100842,2.700,0.059978,27.0077000
2025-11-28,100842,2.800,0.028240,27.7704000
2025-12-31,100842,2.800,-0.006303,27.5203000
2026-01-30,100842,3.000,0.073190,29.5345000
2026-02-27,100842,3.200,0.077008,31.8089000
2026-03-31,100842,3.200,-0.002371,31.6253000
2026-04-30,100842,4.000,0.056382,33.4084000
2026-05-29,100842,6.100,-0.045734,31.8805000
2026-06-30,100842,6.000,-0.011756,31.3284000
2023-07-31,101584,5.700,R,25.3850000
2023-08-31,101584,5.100,-0.099626,22.8560000
2023-09-29,101584,4.600,-0.109928,20.3200000
2023-10-31,101584,4.000,-0.125344,17.7730000
2023-11-30,101584,4.300,0.065099,18.9300000
2023-12-29,101584,4.800,0.127372,21.2980000
2024-01-31,101584,4.300,-0.107710,19.0040000
2024-02-29,101584,4.400,0.038150,19.7290000
2024-03-28,101584,4.500,0.012667,19.9350000
2024-04-30,101584,4.100,-0.089792,18.1450000
2024-05-31,101584,4.500,0.108019,20.1050000
2024-06-28,101584,4.100,-0.087953,18.3080000
2024-07-31,101584,4.500,0.081822,19.8060000
2024-08-30,101584,4.300,-0.032212,19.1680000
2024-09-30,101584,4.300,0.006358,19.2320000
2024-10-31,101584,4.200,-0.040193,18.4590000
2024-11-29,101584,4.400,0.063925,19.6390000
2024-12-31,101584,4.000,-0.080013,17.9880000
2025-01-31,101584,4.100,0.011841,18.2010000
2025-02-28,101584,3.700,-0.088017,16.5990000
2025-03-31,101584,3.400,-0.084096,15.1890000
2025-04-30,101584,3.500,0.014484,15.4090000
2025-05-30,101584,3.800,0.104419,17.0180000
2025-06-30,101584,4.100,0.076824,18.2680000
2025-07-31,101584,4.400,0.063061,19.4200000
2025-08-29,101584,4.700,0.074511,20.8670000
2025-09-30,101584,5.200,0.112810,23.2210000
2025-10-31,101584,5.900,0.122174,26.0580000
2025-11-28,101584,5.500,-0.054187,24.6460000
2025-12-31,101584,5.400,-0.017852,24.1820000
2026-01-30,101584,6.000,0.095856,26.5000000
2026-02-27,101584,5.600,-0.056830,24.9940000
2026-03-31,101584,5.300,-0.053853,23.6480000
2026-04-30,101584,5.900,0.115951,26.3900000
2026-05-29,101584,6.500,0.102084,29.0840000
2026-06-30,101584,6.400,-0.019939,28.4500000
2023-11-30,102003,5.000,R,25.0100000
2023-12-29,102003,5.200,0.042612,25.9400000
2024-01-31,102003,5.000,-0.029298,25.1800000
2024-02-29,102003,4.900,-0.020651,24.6600000
2024-03-28,102003,5.100,0.028377,25.2800000
2024-04-30,102003,4.900,-0.024130,24.6700000
2024-05-31,102003,5.100,0.043373,25.7400000
2024-06-28,102003,4.900,-0.041150,24.4600000
2024-07-31,102003,5.300,0.078496,26.3800000
2024-08-30,102003,5.400,0.025398,27.0500000
2024-09-30,102003,5.600,0.038055,27.8300000
2024-10-31,102003,5.200,-0.062522,26.0900000
2024-11-29,102003,5.300,0.014182,26.4600000
2024-12-31,102003,4.800,-0.065976,23.9400000
2025-01-31,102003,4.800,-0.003759,23.8500000
2025-02-28,102003,4.800,0.011321,24.1200000
2025-03-31,102003,5.000,0.035899,24.8700000
2025-04-30,102003,5.200,0.049859,26.1100000
2025-05-30,102003,5.400,0.026810,26.8100000
2025-06-30,102003,5.300,0.007451,26.7100000
2025-07-31,102003,6.000,-0.004118,26.6000000
2025-08-29,102003,6.200,0.030827,27.4200000
2025-09-30,102003,6.200,0.017106,27.6400000
2025-10-31,102003,6.300,0.005065,27.7800000
2025-11-28,102003,6.400,0.028798,28.5800000
2025-12-31,102003,6.300,-0.011447,28.0500000
2026-01-30,102003,6.600,0.039929,29.1700000
2026-02-27,102003,8.700,0.088790,31.7600000
2026-03-31,102003,8.300,-0.040350,30.3600000
2026-04-30,102003,7.800,0.026350,31.1600000
2026-05-29,102003,7.600,-0.025032,30.3800000
2026-06-30,102003,7.400,0.000558,29.5500000
2023-11-30,102004,5.100,R,25.2200000
2023-12-29,102004,5.600,0.089060,27.4500000
2024-01-31,102004,5.100,-0.091075,24.9500000
2024-02-29,102004,5.100,-0.001603,24.9100000
2024-03-28,102004,5.600,0.099435,27.3600000
2024-04-30,102004,5.700,0.028143,28.1300000
2024-05-31,102004,6.900,0.076786,30.2900000
2024-06-28,102004,6.400,-0.079058,27.8400000
2024-07-31,102004,7.200,0.013290,28.2100000
2024-08-30,102004,7.100,-0.002836,28.1300000
2024-09-30,102004,7.300,0.027123,28.8200000
2024-10-31,102004,7.100,-0.027412,28.0300000
2024-11-29,102004,7.500,0.053871,29.5400000
2024-12-31,102004,6.700,-0.108941,26.2000000
2025-01-31,102004,6.800,0.027099,26.9100000
2025-02-28,102004,6.500,-0.042735,25.7600000
2025-03-31,102004,6.400,-0.016693,25.3300000
2025-04-30,102004,6.100,-0.051717,24.0200000
2025-05-30,102004,6.700,0.100333,26.4300000
2025-06-30,102004,7.300,0.092355,28.6600000
2025-07-31,102004,6.700,0.019539,29.2200000
2025-08-29,102004,7.000,0.052361,30.7500000
2025-09-30,102004,7.500,0.069614,32.8200000
2025-10-31,102004,7.600,0.010055,33.1500000
2025-11-28,102004,8.700,0.037707,34.4000000
2025-12-31,102004,8.000,0.018966,34.8500000
2026-01-30,102004,9.700,0.097274,38.2400000
2026-02-27,102004,10.400,0.075052,41.1100000
2026-03-31,102004,11.200,-0.019946,40.2900000
2026-04-30,102004,12.000,0.068503,43.0500000
2026-05-29,102004,12.500,0.043438,44.9200000
2026-06-30,102004,11.400,-0.090655,40.7900000
2024-08-30,102737,2.500,R,24.8500000
2024-09-30,102737,2.600,0.026962,25.5200000
2024-10-31,102737,2.400,-0.062696,23.9200000
2024-11-29,102737,2.400,0.002090,23.9700000
2024-12-31,102737,2.300,-0.035406,23.0500000
2025-01-31,102737,2.400,0.023427,23.5900000
2025-02-28,102737,1.900,-0.002120,23.5400000
2025-03-31,102737,1.900,0.025489,24.1400000
2025-04-30,102737,3.300,0.039768,25.1000000
2025-05-30,102737,3.400,0.044622,26.2200000
2025-06-30,102737,5.400,0.039281,27.1200000
2025-07-31,102737,5.400,-0.000737,27.1000000
2025-08-29,102737,4.400,0.021033,27.6700000
2025-09-30,102737,4.500,0.014095,28.0600000
2025-10-31,102737,4.600,0.019601,28.6100000
2025-11-28,102737,4.600,0.011534,28.9400000
2025-12-31,102737,4.700,0.023854,29.3800000
2026-01-30,102737,5.000,0.065691,31.3100000
2026-02-27,102737,5.400,0.082082,33.8800000
2026-03-31,102737,4.700,-0.134002,29.3400000
2026-04-30,102737,5.400,0.140423,33.4600000
2026-05-29,102737,5.800,0.015840,33.9900000
2026-06-30,102737,5.400,-0.057161,31.8200000
2024-09-30,102869,0.500,R,27.0786000
2024-10-31,102869,0.800,-0.001521,27.0374000
2024-11-29,102869,0.900,0.098397,29.6978000
2024-12-31,102869,1.300,-0.118203,26.1317000
2025-01-31,102869,1.400,0.054183,27.5476000
2025-02-28,102869,1.300,-0.048476,26.2122000
2025-03-31,102869,1.000,-0.058988,24.6660000
2025-04-30,102869,1.000,0.008108,24.8660000
2025-05-30,102869,1.100,0.070023,26.6072000
2025-06-30,102869,1.100,0.049051,27.9123000
2025-07-31,102869,1.200,0.061292,29.6231000
2025-08-29,102869,1.200,0.012932,30.0062000
2025-09-30,102869,1.200,0.022442,30.6796000
2025-10-31,102869,1.600,0.018576,31.2495000
2025-11-28,102869,1.600,0.005296,31.4150000
2025-12-31,102869,1.900,-0.002850,30.9286000
2026-01-30,102869,2.300,0.071455,33.1386000
2026-02-27,102869,2.900,0.086087,35.9914000
2026-03-31,102869,2.600,-0.080094,33.1087000
2026-04-30,102869,3.000,0.132255,37.4875000
2026-05-29,102869,3.300,-0.007603,37.2025000
2026-06-30,102869,3.500,0.055359,39.2620000
2024-12-31,103194,12.900,R,23.0578000
2025-01-31,103194,51.600,0.007950,23.2411000
2025-02-28,103194,55.900,-0.048711,22.1090000
2025-03-31,103194,61.000,-0.037966,21.2696000
2025-04-30,103194,67.500,0.040443,22.1298000
2025-05-30,103194,71.000,0.073182,23.7493000
2025-06-30,103194,98.400,0.070124,25.4147000
2025-07-31,103194,113.800,0.070920,27.2171000
2025-08-29,103194,121.800,-0.003582,27.1196000
2025-09-30,103194,135.800,0.060517,28.7608000
2025-10-31,103194,168.300,0.058475,30.4426000
2025-11-28,103194,222.800,-0.015186,29.9803000
2025-12-31,103194,257.900,-0.031211,28.9169000
2026-01-30,103194,333.800,0.112056,32.1572000
2026-02-27,103194,441.700,0.108532,35.6473000
2026-03-31,103194,453.400,-0.040875,34.1902000
2026-04-30,103194,660.900,0.182938,40.4449000
2026-05-29,103194,723.900,-0.035191,39.0216000
2026-06-30,103194,809.800,0.071873,41.8262000
2024-12-31,103280,32.600,R,24.3100000
2025-01-31,103280,57.500,0.029206,25.0200000
2025-02-28,103280,60.100,0.000400,25.0300000
2025-03-31,103280,58.800,-0.017579,24.5900000
2025-04-30,103280,61.300,0.014992,24.8200000
2025-05-30,103280,65.900,0.050363,26.0700000
2025-06-30,103280,71.300,0.031837,26.9000000
2025-07-31,103280,121.000,0.061461,28.4000000
2025-08-29,103280,158.300,-0.020423,27.8200000
2025-09-30,103280,198.800,0.060029,29.4900000
2025-10-31,103280,261.200,0.040709,30.5900000
2025-11-28,103280,241.300,0.000981,30.6200000
2025-12-31,103280,247.100,-0.046786,29.0400000
2026-01-30,103280,296.900,0.057507,30.7100000
2026-02-27,103280,351.200,0.084989,33.3200000
2026-03-31,103280,370.000,-0.036014,32.1200000
2026-04-30,103280,456.500,0.084867,34.7100000
2026-05-29,103280,438.000,-0.030251,33.6600000
2026-06-30,103280,484.600,0.028223,34.6100000
2025-02-28,103464,10.000,R,24.9500000
2025-03-31,103464,13.600,0.011975,25.1600000
2025-04-30,103464,15.200,-0.063897,23.4600000
2025-05-30,103464,21.000,0.020438,23.8500000
2025-06-30,103464,26.400,0.030282,24.4800000
2025-07-31,103464,35.300,-0.007245,24.2100000
2025-08-29,103464,49.300,0.007103,24.2900000
2025-09-30,103464,51.800,0.014082,24.5400000
2025-10-31,103464,48.800,-0.054624,23.1100000
2025-11-28,103464,50.900,0.048129,24.1300000
2025-12-31,103464,50.800,0.001703,24.0800000
2026-01-30,103464,54.500,0.077442,25.8500000
2026-02-27,103464,58.900,0.110305,28.6100000
2026-03-31,103464,61.700,0.030757,29.3900000
2026-04-30,103464,63.500,0.033263,30.2600000
2026-05-29,103464,62.700,-0.032923,29.1700000
2026-06-30,103464,64.100,0.026094,29.8300000
2025-04-30,103669,10.500,R,28.0174000
2025-05-30,103669,22.100,0.089066,30.5128000
2025-06-30,103669,39.100,0.047766,31.9200000
2025-07-31,103669,54.400,0.065789,34.0200000
2025-08-29,103669,66.800,-0.005144,33.8450000
2025-09-30,103669,83.100,0.058701,35.7300000
2025-10-31,103669,98.800,0.024069,36.5900000
2025-11-28,103669,115.800,-0.003370,36.4667000
2025-12-31,103669,109.800,-0.032839,35.1500000
2026-01-30,103669,122.800,0.079659,37.9500000
2026-02-27,103669,146.500,0.092350,41.4547000
2026-03-31,103669,145.400,-0.048266,39.3500000
2026-04-30,103669,180.600,0.112834,43.7900000
2026-05-29,103669,202.900,0.014844,44.4400000
2026-06-30,103669,203.600,0.012527,44.8900000
2025-05-30,103739,4.800,R,25.2445000
2025-06-30,103739,3.700,0.039767,26.2484000
2025-07-31,103739,3.700,0.013109,26.5925000
2025-08-29,103739,3.800,0.009698,26.8504000
2025-09-30,103739,3.900,0.046159,27.8932000
2025-10-31,103739,3.900,-0.004664,27.7631000
2025-11-28,103739,4.800,0.012945,28.1225000
2025-12-31,103739,4.700,-0.020386,27.4444000
2026-01-30,103739,5.200,0.110864,30.4870000
2026-02-27,103739,5.500,0.069948,32.6195000
2026-03-31,103739,5.700,0.023597,33.2842000
2026-04-30,103739,7.000,0.100558,36.6312000
2026-05-29,103739,7.800,-0.036139,35.3074000
2026-06-30,103739,7.400,0.044392,36.7539000
2025-05-30,103754,4.000,R,24.9656000
2025-06-30,103754,15.400,0.008047,25.1665000
2025-07-31,103754,15.400,0.001434,25.2026000
2025-08-29,103754,20.700,0.012233,25.5109000
2025-09-30,103754,21.000,0.016526,25.9325000
2025-10-31,103754,21.300,-0.009370,25.6895000
2025-11-28,103754,22.500,0.029502,26.4474000
2025-12-31,103754,29.800,-0.019469,25.6803000
2026-01-30,103754,32.800,0.038095,26.6586000
2026-02-27,103754,38.800,0.094416,29.1756000
2026-03-31,103754,37.700,-0.044033,27.8909000
2026-04-30,103754,41.800,0.034613,28.8563000
2026-05-29,103754,41.400,-0.024740,28.1424000
2026-06-30,103754,42.900,0.009377,28.4063000
2025-07-31,103957,4.100,R,20.5561000
2025-08-29,103957,8.500,-0.022100,20.1018000
2025-09-30,103957,28.300,0.124616,22.6068000
2025-10-31,103957,102.600,0.113559,25.1740000
2025-11-28,103957,107.500,-0.076841,23.2396000
2025-12-31,103957,115.400,-0.049326,22.0908000
2026-01-30,103957,160.100,0.110693,24.5361000
2026-02-27,103957,232.300,0.066987,26.1797000
2026-03-31,103957,249.500,-0.047098,24.9467000
2026-04-30,103957,433.800,0.253324,31.2663000
2026-05-29,103957,750.900,0.049852,32.8250000
2026-06-30,103957,958.000,0.017749,33.4076000
2025-07-31,104084,10.000,R,25.0648000
2025-08-29,104084,17.400,0.018388,25.5257000
2025-09-30,104084,18.600,0.016245,25.8728000
2025-10-31,104084,19.600,-0.004994,25.7436000
2025-11-28,104084,20.200,0.034032,26.6197000
2025-12-31,104084,19.700,-0.020713,25.8760000
2026-01-30,104084,20.600,0.048902,27.1414000
2026-02-27,104084,22.600,0.095802,29.7416000
2026-03-31,104084,25.200,-0.031066,28.6896000
2026-04-30,104084,26.100,0.033225,29.6428000
2026-05-29,104084,30.200,-0.018817,29.0850000
2026-06-30,104084,31.500,0.007662,28.0877000
2025-08-29,104094,3.600,R,25.6342000
2025-09-30,104094,31.600,0.153307,29.5641000
2025-10-31,104094,49.700,0.106213,32.7042000
2025-11-28,104094,54.700,-0.039145,31.4240000
2025-12-31,104094,51.500,-0.057089,29.6147000
2026-01-30,104094,61.200,0.135656,33.6321000
2026-02-27,104094,79.300,0.101579,37.0484000
2026-03-31,104094,92.900,-0.064135,34.6723000
2026-04-30,104094,136.400,0.302556,45.1626000
2026-05-29,104094,216.900,0.194911,53.9653000
2026-06-30,104094,277.600,0.037079,55.9663000
2025-10-31,104393,16.300,R,25.0200000
2025-11-28,104393,16.700,0.026779,25.6900000
2025-12-31,104393,18.600,-0.020017,24.8500000
2026-01-30,104393,20.500,0.030181,25.6000000
2026-02-27,104393,23.300,0.101953,28.2100000
2026-03-31,104393,24.000,-0.050676,26.6500000
2026-04-30,104393,27.500,0.030394,27.4600000
2026-05-29,104393,27.900,-0.010197,27.1800000
2026-06-30,104393,29.700,0.019576,27.6000000
